image_path,dataset,source_id,original_filename,identity_type,category,split,width,height,format,mode,quality_flag,variant_type,is_synthetic,transform_params
data/raw\deeplure_corpus\sarees_dataset\handloom_sarees\h_img_132981.jpg,deeplure_saree_corpus,deeplure_001,h_img_132981.jpg,source_image_proxy,handloom_sarees,train,1511,1512,JPEG,RGB,pass,original,False,none
data/processed\variants\deeplure_001_variant1.jpg,deeplure_saree_corpus,deeplure_001,deeplure_001_variant1.jpg,source_image_proxy,handloom_sarees,train,1511,1512,JPEG,RGB,pass,color_variant_1,True,HSV_Hue_+120deg_Sat_x1.02
data/processed\variants\deeplure_001_variant2.jpg,deeplure_saree_corpus,deeplure_001,deeplure_001_variant2.jpg,source_image_proxy,handloom_sarees,train,1511,1512,JPEG,RGB,pass,color_variant_2,True,HSV_Hue_+240deg_Sat_x0.98
data/processed\variants\deeplure_001_variant3.jpg,deeplure_saree_corpus,deeplure_001,deeplure_001_variant3.jpg,source_image_proxy,handloom_sarees,train,1511,1512,JPEG,RGB,pass,color_variant_3,True,HSV_Hue_+50deg_Sat_x1.20_ValGamma_0.95
data/raw\deeplure_corpus\sarees_dataset\handloom_sarees\h_img_149526.jpg,deeplure_saree_corpus,deeplure_002,h_img_149526.jpg,source_image_proxy,handloom_sarees,test,730,730,JPEG,RGB,pass,original,False,none
data/processed\variants\deeplure_002_variant1.jpg,deeplure_saree_corpus,deeplure_002,deeplure_002_variant1.jpg,source_image_proxy,handloom_sarees,test,730,730,JPEG,RGB,pass,color_variant_1,True,HSV_Hue_+120deg_Sat_x1.02
data/processed\variants\deeplure_002_variant2.jpg,deeplure_saree_corpus,deeplure_002,deeplure_002_variant2.jpg,source_image_proxy,handloom_sarees,test,730,730,JPEG,RGB,pass,color_variant_2,True,HSV_Hue_+240deg_Sat_x0.98
data/processed\variants\deeplure_002_variant3.jpg,deeplure_saree_corpus,deeplure_002,deeplure_002_variant3.jpg,source_image_proxy,handloom_sarees,test,730,730,JPEG,RGB,pass,color_variant_3,True,HSV_Hue_+50deg_Sat_x1.20_ValGamma_0.95
data/raw\deeplure_corpus\sarees_dataset\handloom_sarees\h_img_31665.jpg,deeplure_saree_corpus,deeplure_003,h_img_31665.jpg,source_image_proxy,handloom_sarees,train,1512,1512,JPEG,RGB,pass,original,False,none
data/processed\variants\deeplure_003_variant1.jpg,deeplure_saree_corpus,deeplure_003,deeplure_003_variant1.jpg,source_image_proxy,handloom_sarees,train,1512,1512,JPEG,RGB,pass,color_variant_1,True,HSV_Hue_+120deg_Sat_x1.02
data/processed\variants\deeplure_003_variant2.jpg,deeplure_saree_corpus,deeplure_003,deeplure_003_variant2.jpg,source_image_proxy,handloom_sarees,train,1512,1512,JPEG,RGB,pass,color_variant_2,True,HSV_Hue_+240deg_Sat_x0.98
data/processed\variants\deeplure_003_variant3.jpg,deeplure_saree_corpus,deeplure_003,deeplure_003_variant3.jpg,source_image_proxy,handloom_sarees,train,1512,1512,JPEG,RGB,pass,color_variant_3,True,HSV_Hue_+50deg_Sat_x1.20_ValGamma_0.95
data/raw\deeplure_corpus\sarees_dataset\handloom_sarees\h_img_34590.jpg,deeplure_saree_corpus,deeplure_004,h_img_34590.jpg,source_image_proxy,handloom_sarees,test,1185,1185,JPEG,RGB,pass,original,False,none
data/processed\variants\deeplure_004_variant1.jpg,deeplure_saree_corpus,deeplure_004,deeplure_004_variant1.jpg,source_image_proxy,handloom_sarees,test,1185,1185,JPEG,RGB,pass,color_variant_1,True,HSV_Hue_+120deg_Sat_x1.02
data/processed\variants\deeplure_004_variant2.jpg,deeplure_saree_corpus,deeplure_004,deeplure_004_variant2.jpg,source_image_proxy,handloom_sarees,test,1185,1185,JPEG,RGB,pass,color_variant_2,True,HSV_Hue_+240deg_Sat_x0.98
data/processed\variants\deeplure_004_variant3.jpg,deeplure_saree_corpus,deeplure_004,deeplure_004_variant3.jpg,source_image_proxy,handloom_sarees,test,1185,1185,JPEG,RGB,pass,color_variant_3,True,HSV_Hue_+50deg_Sat_x1.20_ValGamma_0.95
data/raw\deeplure_corpus\sarees_dataset\handloom_sarees\h_img_35259.jpg,deeplure_saree_corpus,deeplure_005,h_img_35259.jpg,source_image_proxy,handloom_sarees,train,1259,1259,JPEG,RGB,pass,original,False,none
data/processed\variants\deeplure_005_variant1.jpg,deeplure_saree_corpus,deeplure_005,deeplure_005_variant1.jpg,source_image_proxy,handloom_sarees,train,1259,1259,JPEG,RGB,pass,color_variant_1,True,HSV_Hue_+120deg_Sat_x1.02
data/processed\variants\deeplure_005_variant2.jpg,deeplure_saree_corpus,deeplure_005,deeplure_005_variant2.jpg,source_image_proxy,handloom_sarees,train,1259,1259,JPEG,RGB,pass,color_variant_2,True,HSV_Hue_+240deg_Sat_x0.98
data/processed\variants\deeplure_005_variant3.jpg,deeplure_saree_corpus,deeplure_005,deeplure_005_variant3.jpg,source_image_proxy,handloom_sarees,train,1259,1259,JPEG,RGB,pass,color_variant_3,True,HSV_Hue_+50deg_Sat_x1.20_ValGamma_0.95
data/raw\deeplure_corpus\sarees_dataset\handloom_sarees\h_img_44440.jpg,deeplure_saree_corpus,deeplure_006,h_img_44440.jpg,source_image_proxy,handloom_sarees,val,1367,1366,JPEG,RGB,pass,original,False,none
data/processed\variants\deeplure_006_variant1.jpg,deeplure_saree_corpus,deeplure_006,deeplure_006_variant1.jpg,source_image_proxy,handloom_sarees,val,1367,1366,JPEG,RGB,pass,color_variant_1,True,HSV_Hue_+120deg_Sat_x1.02
data/processed\variants\deeplure_006_variant2.jpg,deeplure_saree_corpus,deeplure_006,deeplure_006_variant2.jpg,source_image_proxy,handloom_sarees,val,1367,1366,JPEG,RGB,pass,color_variant_2,True,HSV_Hue_+240deg_Sat_x0.98
data/processed\variants\deeplure_006_variant3.jpg,deeplure_saree_corpus,deeplure_006,deeplure_006_variant3.jpg,source_image_proxy,handloom_sarees,val,1367,1366,JPEG,RGB,pass,color_variant_3,True,HSV_Hue_+50deg_Sat_x1.20_ValGamma_0.95
data/raw\deeplure_corpus\sarees_dataset\handloom_sarees\h_img_593526.jpg,deeplure_saree_corpus,deeplure_007,h_img_593526.jpg,source_image_proxy,handloom_sarees,train,610,610,JPEG,RGB,pass,original,False,none
data/processed\variants\deeplure_007_variant1.jpg,deeplure_saree_corpus,deeplure_007,deeplure_007_variant1.jpg,source_image_proxy,handloom_sarees,train,610,610,JPEG,RGB,pass,color_variant_1,True,HSV_Hue_+120deg_Sat_x1.02
data/processed\variants\deeplure_007_variant2.jpg,deeplure_saree_corpus,deeplure_007,deeplure_007_variant2.jpg,source_image_proxy,handloom_sarees,train,610,610,JPEG,RGB,pass,color_variant_2,True,HSV_Hue_+240deg_Sat_x0.98
data/processed\variants\deeplure_007_variant3.jpg,deeplure_saree_corpus,deeplure_007,deeplure_007_variant3.jpg,source_image_proxy,handloom_sarees,train,610,610,JPEG,RGB,pass,color_variant_3,True,HSV_Hue_+50deg_Sat_x1.20_ValGamma_0.95
data/raw\deeplure_corpus\sarees_dataset\handloom_sarees\h_img_76108.jpg,deeplure_saree_corpus,deeplure_008,h_img_76108.jpg,source_image_proxy,handloom_sarees,val,875,874,JPEG,RGB,pass,original,False,none
data/processed\variants\deeplure_008_variant1.jpg,deeplure_saree_corpus,deeplure_008,deeplure_008_variant1.jpg,source_image_proxy,handloom_sarees,val,875,874,JPEG,RGB,pass,color_variant_1,True,HSV_Hue_+120deg_Sat_x1.02
data/processed\variants\deeplure_008_variant2.jpg,deeplure_saree_corpus,deeplure_008,deeplure_008_variant2.jpg,source_image_proxy,handloom_sarees,val,875,874,JPEG,RGB,pass,color_variant_2,True,HSV_Hue_+240deg_Sat_x0.98
data/processed\variants\deeplure_008_variant3.jpg,deeplure_saree_corpus,deeplure_008,deeplure_008_variant3.jpg,source_image_proxy,handloom_sarees,val,875,874,JPEG,RGB,pass,color_variant_3,True,HSV_Hue_+50deg_Sat_x1.20_ValGamma_0.95
data/raw\deeplure_corpus\sarees_dataset\handloom_sarees\h_img_93057.jpg,deeplure_saree_corpus,deeplure_009,h_img_93057.jpg,source_image_proxy,handloom_sarees,val,1286,1286,JPEG,RGB,pass,original,False,none
data/processed\variants\deeplure_009_variant1.jpg,deeplure_saree_corpus,deeplure_009,deeplure_009_variant1.jpg,source_image_proxy,handloom_sarees,val,1286,1286,JPEG,RGB,pass,color_variant_1,True,HSV_Hue_+120deg_Sat_x1.02
data/processed\variants\deeplure_009_variant2.jpg,deeplure_saree_corpus,deeplure_009,deeplure_009_variant2.jpg,source_image_proxy,handloom_sarees,val,1286,1286,JPEG,RGB,pass,color_variant_2,True,HSV_Hue_+240deg_Sat_x0.98
data/processed\variants\deeplure_009_variant3.jpg,deeplure_saree_corpus,deeplure_009,deeplure_009_variant3.jpg,source_image_proxy,handloom_sarees,val,1286,1286,JPEG,RGB,pass,color_variant_3,True,HSV_Hue_+50deg_Sat_x1.20_ValGamma_0.95
data/raw\deeplure_corpus\sarees_dataset\handloom_sarees\img_106019.jpg,deeplure_saree_corpus,deeplure_010,img_106019.jpg,source_image_proxy,handloom_sarees,train,589,589,JPEG,RGB,pass,original,False,none
data/processed\variants\deeplure_010_variant1.jpg,deeplure_saree_corpus,deeplure_010,deeplure_010_variant1.jpg,source_image_proxy,handloom_sarees,train,589,589,JPEG,RGB,pass,color_variant_1,True,HSV_Hue_+120deg_Sat_x1.02
data/processed\variants\deeplure_010_variant2.jpg,deeplure_saree_corpus,deeplure_010,deeplure_010_variant2.jpg,source_image_proxy,handloom_sarees,train,589,589,JPEG,RGB,pass,color_variant_2,True,HSV_Hue_+240deg_Sat_x0.98
data/processed\variants\deeplure_010_variant3.jpg,deeplure_saree_corpus,deeplure_010,deeplure_010_variant3.jpg,source_image_proxy,handloom_sarees,train,589,589,JPEG,RGB,pass,color_variant_3,True,HSV_Hue_+50deg_Sat_x1.20_ValGamma_0.95
data/raw\deeplure_corpus\sarees_dataset\handloom_sarees\img_10959.jpg,deeplure_saree_corpus,deeplure_011,img_10959.jpg,source_image_proxy,handloom_sarees,train,486,486,JPEG,RGB,pass,original,False,none
data/processed\variants\deeplure_011_variant1.jpg,deeplure_saree_corpus,deeplure_011,deeplure_011_variant1.jpg,source_image_proxy,handloom_sarees,train,486,486,JPEG,RGB,pass,color_variant_1,True,HSV_Hue_+120deg_Sat_x1.02
data/processed\variants\deeplure_011_variant2.jpg,deeplure_saree_corpus,deeplure_011,deeplure_011_variant2.jpg,source_image_proxy,handloom_sarees,train,486,486,JPEG,RGB,pass,color_variant_2,True,HSV_Hue_+240deg_Sat_x0.98
data/processed\variants\deeplure_011_variant3.jpg,deeplure_saree_corpus,deeplure_011,deeplure_011_variant3.jpg,source_image_proxy,handloom_sarees,train,486,486,JPEG,RGB,pass,color_variant_3,True,HSV_Hue_+50deg_Sat_x1.20_ValGamma_0.95
data/raw\deeplure_corpus\sarees_dataset\handloom_sarees\img_110820.jpg,deeplure_saree_corpus,deeplure_012,img_110820.jpg,source_image_proxy,handloom_sarees,train,708,707,JPEG,RGB,pass,original,False,none
data/processed\variants\deeplure_012_variant1.jpg,deeplure_saree_corpus,deeplure_012,deeplure_012_variant1.jpg,source_image_proxy,handloom_sarees,train,708,707,JPEG,RGB,pass,color_variant_1,True,HSV_Hue_+120deg_Sat_x1.02
data/processed\variants\deeplure_012_variant2.jpg,deeplure_saree_corpus,deeplure_012,deeplure_012_variant2.jpg,source_image_proxy,handloom_sarees,train,708,707,JPEG,RGB,pass,color_variant_2,True,HSV_Hue_+240deg_Sat_x0.98
data/processed\variants\deeplure_012_variant3.jpg,deeplure_saree_corpus,deeplure_012,deeplure_012_variant3.jpg,source_image_proxy,handloom_sarees,train,708,707,JPEG,RGB,pass,color_variant_3,True,HSV_Hue_+50deg_Sat_x1.20_ValGamma_0.95
data/raw\deeplure_corpus\sarees_dataset\handloom_sarees\img_115196.jpg,deeplure_saree_corpus,deeplure_013,img_115196.jpg,source_image_proxy,handloom_sarees,train,631,632,JPEG,RGB,pass,original,False,none
data/processed\variants\deeplure_013_variant1.jpg,deeplure_saree_corpus,deeplure_013,deeplure_013_variant1.jpg,source_image_proxy,handloom_sarees,train,631,632,JPEG,RGB,pass,color_variant_1,True,HSV_Hue_+120deg_Sat_x1.02
data/processed\variants\deeplure_013_variant2.jpg,deeplure_saree_corpus,deeplure_013,deeplure_013_variant2.jpg,source_image_proxy,handloom_sarees,train,631,632,JPEG,RGB,pass,color_variant_2,True,HSV_Hue_+240deg_Sat_x0.98
data/processed\variants\deeplure_013_variant3.jpg,deeplure_saree_corpus,deeplure_013,deeplure_013_variant3.jpg,source_image_proxy,handloom_sarees,train,631,632,JPEG,RGB,pass,color_variant_3,True,HSV_Hue_+50deg_Sat_x1.20_ValGamma_0.95
data/raw\deeplure_corpus\sarees_dataset\handloom_sarees\img_120749.jpg,deeplure_saree_corpus,deeplure_014,img_120749.jpg,source_image_proxy,handloom_sarees,val,1511,1512,JPEG,RGB,pass,original,False,none
data/processed\variants\deeplure_014_variant1.jpg,deeplure_saree_corpus,deeplure_014,deeplure_014_variant1.jpg,source_image_proxy,handloom_sarees,val,1511,1512,JPEG,RGB,pass,color_variant_1,True,HSV_Hue_+120deg_Sat_x1.02
data/processed\variants\deeplure_014_variant2.jpg,deeplure_saree_corpus,deeplure_014,deeplure_014_variant2.jpg,source_image_proxy,handloom_sarees,val,1511,1512,JPEG,RGB,pass,color_variant_2,True,HSV_Hue_+240deg_Sat_x0.98
data/processed\variants\deeplure_014_variant3.jpg,deeplure_saree_corpus,deeplure_014,deeplure_014_variant3.jpg,source_image_proxy,handloom_sarees,val,1511,1512,JPEG,RGB,pass,color_variant_3,True,HSV_Hue_+50deg_Sat_x1.20_ValGamma_0.95
data/raw\deeplure_corpus\sarees_dataset\handloom_sarees\img_130255.jpg,deeplure_saree_corpus,deeplure_015,img_130255.jpg,source_image_proxy,handloom_sarees,test,893,893,JPEG,RGB,pass,original,False,none
data/processed\variants\deeplure_015_variant1.jpg,deeplure_saree_corpus,deeplure_015,deeplure_015_variant1.jpg,source_image_proxy,handloom_sarees,test,893,893,JPEG,RGB,pass,color_variant_1,True,HSV_Hue_+120deg_Sat_x1.02
data/processed\variants\deeplure_015_variant2.jpg,deeplure_saree_corpus,deeplure_015,deeplure_015_variant2.jpg,source_image_proxy,handloom_sarees,test,893,893,JPEG,RGB,pass,color_variant_2,True,HSV_Hue_+240deg_Sat_x0.98
data/processed\variants\deeplure_015_variant3.jpg,deeplure_saree_corpus,deeplure_015,deeplure_015_variant3.jpg,source_image_proxy,handloom_sarees,test,893,893,JPEG,RGB,pass,color_variant_3,True,HSV_Hue_+50deg_Sat_x1.20_ValGamma_0.95
data/raw\deeplure_corpus\sarees_dataset\handloom_sarees\img_142355.jpg,deeplure_saree_corpus,deeplure_016,img_142355.jpg,source_image_proxy,handloom_sarees,train,1511,1512,JPEG,RGB,pass,original,False,none
data/processed\variants\deeplure_016_variant1.jpg,deeplure_saree_corpus,deeplure_016,deeplure_016_variant1.jpg,source_image_proxy,handloom_sarees,train,1511,1512,JPEG,RGB,pass,color_variant_1,True,HSV_Hue_+120deg_Sat_x1.02
data/processed\variants\deeplure_016_variant2.jpg,deeplure_saree_corpus,deeplure_016,deeplure_016_variant2.jpg,source_image_proxy,handloom_sarees,train,1511,1512,JPEG,RGB,pass,color_variant_2,True,HSV_Hue_+240deg_Sat_x0.98
data/processed\variants\deeplure_016_variant3.jpg,deeplure_saree_corpus,deeplure_016,deeplure_016_variant3.jpg,source_image_proxy,handloom_sarees,train,1511,1512,JPEG,RGB,pass,color_variant_3,True,HSV_Hue_+50deg_Sat_x1.20_ValGamma_0.95
data/raw\deeplure_corpus\sarees_dataset\handloom_sarees\img_153688.jpg,deeplure_saree_corpus,deeplure_017,img_153688.jpg,source_image_proxy,handloom_sarees,train,631,631,JPEG,RGB,pass,original,False,none
data/processed\variants\deeplure_017_variant1.jpg,deeplure_saree_corpus,deeplure_017,deeplure_017_variant1.jpg,source_image_proxy,handloom_sarees,train,631,631,JPEG,RGB,pass,color_variant_1,True,HSV_Hue_+120deg_Sat_x1.02
data/processed\variants\deeplure_017_variant2.jpg,deeplure_saree_corpus,deeplure_017,deeplure_017_variant2.jpg,source_image_proxy,handloom_sarees,train,631,631,JPEG,RGB,pass,color_variant_2,True,HSV_Hue_+240deg_Sat_x0.98
data/processed\variants\deeplure_017_variant3.jpg,deeplure_saree_corpus,deeplure_017,deeplure_017_variant3.jpg,source_image_proxy,handloom_sarees,train,631,631,JPEG,RGB,pass,color_variant_3,True,HSV_Hue_+50deg_Sat_x1.20_ValGamma_0.95
data/raw\deeplure_corpus\sarees_dataset\handloom_sarees\img_172154.jpg,deeplure_saree_corpus,deeplure_018,img_172154.jpg,source_image_proxy,handloom_sarees,test,471,470,JPEG,RGB,pass,original,False,none
data/processed\variants\deeplure_018_variant1.jpg,deeplure_saree_corpus,deeplure_018,deeplure_018_variant1.jpg,source_image_proxy,handloom_sarees,test,471,470,JPEG,RGB,pass,color_variant_1,True,HSV_Hue_+120deg_Sat_x1.02
data/processed\variants\deeplure_018_variant2.jpg,deeplure_saree_corpus,deeplure_018,deeplure_018_variant2.jpg,source_image_proxy,handloom_sarees,test,471,470,JPEG,RGB,pass,color_variant_2,True,HSV_Hue_+240deg_Sat_x0.98
data/processed\variants\deeplure_018_variant3.jpg,deeplure_saree_corpus,deeplure_018,deeplure_018_variant3.jpg,source_image_proxy,handloom_sarees,test,471,470,JPEG,RGB,pass,color_variant_3,True,HSV_Hue_+50deg_Sat_x1.20_ValGamma_0.95
data/raw\deeplure_corpus\sarees_dataset\handloom_sarees\img_175884.jpg,deeplure_saree_corpus,deeplure_019,img_175884.jpg,source_image_proxy,handloom_sarees,train,986,985,JPEG,RGB,pass,original,False,none
data/processed\variants\deeplure_019_variant1.jpg,deeplure_saree_corpus,deeplure_019,deeplure_019_variant1.jpg,source_image_proxy,handloom_sarees,train,986,985,JPEG,RGB,pass,color_variant_1,True,HSV_Hue_+120deg_Sat_x1.02
data/processed\variants\deeplure_019_variant2.jpg,deeplure_saree_corpus,deeplure_019,deeplure_019_variant2.jpg,source_image_proxy,handloom_sarees,train,986,985,JPEG,RGB,pass,color_variant_2,True,HSV_Hue_+240deg_Sat_x0.98
data/processed\variants\deeplure_019_variant3.jpg,deeplure_saree_corpus,deeplure_019,deeplure_019_variant3.jpg,source_image_proxy,handloom_sarees,train,986,985,JPEG,RGB,pass,color_variant_3,True,HSV_Hue_+50deg_Sat_x1.20_ValGamma_0.95
data/raw\deeplure_corpus\sarees_dataset\handloom_sarees\img_180214.jpg,deeplure_saree_corpus,deeplure_020,img_180214.jpg,source_image_proxy,handloom_sarees,train,581,581,JPEG,RGB,pass,original,False,none
data/processed\variants\deeplure_020_variant1.jpg,deeplure_saree_corpus,deeplure_020,deeplure_020_variant1.jpg,source_image_proxy,handloom_sarees,train,581,581,JPEG,RGB,pass,color_variant_1,True,HSV_Hue_+120deg_Sat_x1.02
data/processed\variants\deeplure_020_variant2.jpg,deeplure_saree_corpus,deeplure_020,deeplure_020_variant2.jpg,source_image_proxy,handloom_sarees,train,581,581,JPEG,RGB,pass,color_variant_2,True,HSV_Hue_+240deg_Sat_x0.98
data/processed\variants\deeplure_020_variant3.jpg,deeplure_saree_corpus,deeplure_020,deeplure_020_variant3.jpg,source_image_proxy,handloom_sarees,train,581,581,JPEG,RGB,pass,color_variant_3,True,HSV_Hue_+50deg_Sat_x1.20_ValGamma_0.95
data/raw\deeplure_corpus\sarees_dataset\handloom_sarees\img_187840.jpg,deeplure_saree_corpus,deeplure_021,img_187840.jpg,source_image_proxy,handloom_sarees,test,471,471,JPEG,RGB,pass,original,False,none
data/processed\variants\deeplure_021_variant1.jpg,deeplure_saree_corpus,deeplure_021,deeplure_021_variant1.jpg,source_image_proxy,handloom_sarees,test,471,471,JPEG,RGB,pass,color_variant_1,True,HSV_Hue_+120deg_Sat_x1.02
data/processed\variants\deeplure_021_variant2.jpg,deeplure_saree_corpus,deeplure_021,deeplure_021_variant2.jpg,source_image_proxy,handloom_sarees,test,471,471,JPEG,RGB,pass,color_variant_2,True,HSV_Hue_+240deg_Sat_x0.98
data/processed\variants\deeplure_021_variant3.jpg,deeplure_saree_corpus,deeplure_021,deeplure_021_variant3.jpg,source_image_proxy,handloom_sarees,test,471,471,JPEG,RGB,pass,color_variant_3,True,HSV_Hue_+50deg_Sat_x1.20_ValGamma_0.95
data/raw\deeplure_corpus\sarees_dataset\handloom_sarees\img_221213.jpg,deeplure_saree_corpus,deeplure_022,img_221213.jpg,source_image_proxy,handloom_sarees,test,908,908,JPEG,RGB,pass,original,False,none
data/processed\variants\deeplure_022_variant1.jpg,deeplure_saree_corpus,deeplure_022,deeplure_022_variant1.jpg,source_image_proxy,handloom_sarees,test,908,908,JPEG,RGB,pass,color_variant_1,True,HSV_Hue_+120deg_Sat_x1.02
data/processed\variants\deeplure_022_variant2.jpg,deeplure_saree_corpus,deeplure_022,deeplure_022_variant2.jpg,source_image_proxy,handloom_sarees,test,908,908,JPEG,RGB,pass,color_variant_2,True,HSV_Hue_+240deg_Sat_x0.98
data/processed\variants\deeplure_022_variant3.jpg,deeplure_saree_corpus,deeplure_022,deeplure_022_variant3.jpg,source_image_proxy,handloom_sarees,test,908,908,JPEG,RGB,pass,color_variant_3,True,HSV_Hue_+50deg_Sat_x1.20_ValGamma_0.95
data/raw\deeplure_corpus\sarees_dataset\handloom_sarees\img_232079.jpg,deeplure_saree_corpus,deeplure_023,img_232079.jpg,source_image_proxy,handloom_sarees,train,1085,1085,JPEG,RGB,pass,original,False,none
data/processed\variants\deeplure_023_variant1.jpg,deeplure_saree_corpus,deeplure_023,deeplure_023_variant1.jpg,source_image_proxy,handloom_sarees,train,1085,1085,JPEG,RGB,pass,color_variant_1,True,HSV_Hue_+120deg_Sat_x1.02
data/processed\variants\deeplure_023_variant2.jpg,deeplure_saree_corpus,deeplure_023,deeplure_023_variant2.jpg,source_image_proxy,handloom_sarees,train,1085,1085,JPEG,RGB,pass,color_variant_2,True,HSV_Hue_+240deg_Sat_x0.98
data/processed\variants\deeplure_023_variant3.jpg,deeplure_saree_corpus,deeplure_023,deeplure_023_variant3.jpg,source_image_proxy,handloom_sarees,train,1085,1085,JPEG,RGB,pass,color_variant_3,True,HSV_Hue_+50deg_Sat_x1.20_ValGamma_0.95
data/raw\deeplure_corpus\sarees_dataset\handloom_sarees\img_239226.jpg,deeplure_saree_corpus,deeplure_024,img_239226.jpg,source_image_proxy,handloom_sarees,train,908,908,JPEG,RGB,pass,original,False,none
data/processed\variants\deeplure_024_variant1.jpg,deeplure_saree_corpus,deeplure_024,deeplure_024_variant1.jpg,source_image_proxy,handloom_sarees,train,908,908,JPEG,RGB,pass,color_variant_1,True,HSV_Hue_+120deg_Sat_x1.02
data/processed\variants\deeplure_024_variant2.jpg,deeplure_saree_corpus,deeplure_024,deeplure_024_variant2.jpg,source_image_proxy,handloom_sarees,train,908,908,JPEG,RGB,pass,color_variant_2,True,HSV_Hue_+240deg_Sat_x0.98
data/processed\variants\deeplure_024_variant3.jpg,deeplure_saree_corpus,deeplure_024,deeplure_024_variant3.jpg,source_image_proxy,handloom_sarees,train,908,908,JPEG,RGB,pass,color_variant_3,True,HSV_Hue_+50deg_Sat_x1.20_ValGamma_0.95
data/raw\deeplure_corpus\sarees_dataset\handloom_sarees\img_246391.jpg,deeplure_saree_corpus,deeplure_025,img_246391.jpg,source_image_proxy,handloom_sarees,train,632,631,JPEG,RGB,pass,original,False,none
data/processed\variants\deeplure_025_variant1.jpg,deeplure_saree_corpus,deeplure_025,deeplure_025_variant1.jpg,source_image_proxy,handloom_sarees,train,632,631,JPEG,RGB,pass,color_variant_1,True,HSV_Hue_+120deg_Sat_x1.02
data/processed\variants\deeplure_025_variant2.jpg,deeplure_saree_corpus,deeplure_025,deeplure_025_variant2.jpg,source_image_proxy,handloom_sarees,train,632,631,JPEG,RGB,pass,color_variant_2,True,HSV_Hue_+240deg_Sat_x0.98
data/processed\variants\deeplure_025_variant3.jpg,deeplure_saree_corpus,deeplure_025,deeplure_025_variant3.jpg,source_image_proxy,handloom_sarees,train,632,631,JPEG,RGB,pass,color_variant_3,True,HSV_Hue_+50deg_Sat_x1.20_ValGamma_0.95
data/raw\deeplure_corpus\sarees_dataset\handloom_sarees\img_246854.jpg,deeplure_saree_corpus,deeplure_026,img_246854.jpg,source_image_proxy,handloom_sarees,train,641,642,JPEG,RGB,pass,original,False,none
data/processed\variants\deeplure_026_variant1.jpg,deeplure_saree_corpus,deeplure_026,deeplure_026_variant1.jpg,source_image_proxy,handloom_sarees,train,641,642,JPEG,RGB,pass,color_variant_1,True,HSV_Hue_+120deg_Sat_x1.02
data/processed\variants\deeplure_026_variant2.jpg,deeplure_saree_corpus,deeplure_026,deeplure_026_variant2.jpg,source_image_proxy,handloom_sarees,train,641,642,JPEG,RGB,pass,color_variant_2,True,HSV_Hue_+240deg_Sat_x0.98
data/processed\variants\deeplure_026_variant3.jpg,deeplure_saree_corpus,deeplure_026,deeplure_026_variant3.jpg,source_image_proxy,handloom_sarees,train,641,642,JPEG,RGB,pass,color_variant_3,True,HSV_Hue_+50deg_Sat_x1.20_ValGamma_0.95
data/raw\deeplure_corpus\sarees_dataset\handloom_sarees\img_2469.jpg,deeplure_saree_corpus,deeplure_027,img_2469.jpg,source_image_proxy,handloom_sarees,train,642,641,JPEG,RGB,pass,original,False,none
data/processed\variants\deeplure_027_variant1.jpg,deeplure_saree_corpus,deeplure_027,deeplure_027_variant1.jpg,source_image_proxy,handloom_sarees,train,642,641,JPEG,RGB,pass,color_variant_1,True,HSV_Hue_+120deg_Sat_x1.02
data/processed\variants\deeplure_027_variant2.jpg,deeplure_saree_corpus,deeplure_027,deeplure_027_variant2.jpg,source_image_proxy,handloom_sarees,train,642,641,JPEG,RGB,pass,color_variant_2,True,HSV_Hue_+240deg_Sat_x0.98
data/processed\variants\deeplure_027_variant3.jpg,deeplure_saree_corpus,deeplure_027,deeplure_027_variant3.jpg,source_image_proxy,handloom_sarees,train,642,641,JPEG,RGB,pass,color_variant_3,True,HSV_Hue_+50deg_Sat_x1.20_ValGamma_0.95
data/raw\deeplure_corpus\sarees_dataset\handloom_sarees\img_257108.jpg,deeplure_saree_corpus,deeplure_028,img_257108.jpg,source_image_proxy,handloom_sarees,train,610,610,JPEG,RGB,pass,original,False,none
data/processed\variants\deeplure_028_variant1.jpg,deeplure_saree_corpus,deeplure_028,deeplure_028_variant1.jpg,source_image_proxy,handloom_sarees,train,610,610,JPEG,RGB,pass,color_variant_1,True,HSV_Hue_+120deg_Sat_x1.02
data/processed\variants\deeplure_028_variant2.jpg,deeplure_saree_corpus,deeplure_028,deeplure_028_variant2.jpg,source_image_proxy,handloom_sarees,train,610,610,JPEG,RGB,pass,color_variant_2,True,HSV_Hue_+240deg_Sat_x0.98
data/processed\variants\deeplure_028_variant3.jpg,deeplure_saree_corpus,deeplure_028,deeplure_028_variant3.jpg,source_image_proxy,handloom_sarees,train,610,610,JPEG,RGB,pass,color_variant_3,True,HSV_Hue_+50deg_Sat_x1.20_ValGamma_0.95
data/raw\deeplure_corpus\sarees_dataset\handloom_sarees\img_259893.jpg,deeplure_saree_corpus,deeplure_029,img_259893.jpg,source_image_proxy,handloom_sarees,train,664,885,JPEG,RGB,pass,original,False,none
data/processed\variants\deeplure_029_variant1.jpg,deeplure_saree_corpus,deeplure_029,deeplure_029_variant1.jpg,source_image_proxy,handloom_sarees,train,664,885,JPEG,RGB,pass,color_variant_1,True,HSV_Hue_+120deg_Sat_x1.02
data/processed\variants\deeplure_029_variant2.jpg,deeplure_saree_corpus,deeplure_029,deeplure_029_variant2.jpg,source_image_proxy,handloom_sarees,train,664,885,JPEG,RGB,pass,color_variant_2,True,HSV_Hue_+240deg_Sat_x0.98
data/processed\variants\deeplure_029_variant3.jpg,deeplure_saree_corpus,deeplure_029,deeplure_029_variant3.jpg,source_image_proxy,handloom_sarees,train,664,885,JPEG,RGB,pass,color_variant_3,True,HSV_Hue_+50deg_Sat_x1.20_ValGamma_0.95
data/raw\deeplure_corpus\sarees_dataset\handloom_sarees\img_260919.jpg,deeplure_saree_corpus,deeplure_030,img_260919.jpg,source_image_proxy,handloom_sarees,train,641,641,JPEG,RGB,pass,original,False,none
data/processed\variants\deeplure_030_variant1.jpg,deeplure_saree_corpus,deeplure_030,deeplure_030_variant1.jpg,source_image_proxy,handloom_sarees,train,641,641,JPEG,RGB,pass,color_variant_1,True,HSV_Hue_+120deg_Sat_x1.02
data/processed\variants\deeplure_030_variant2.jpg,deeplure_saree_corpus,deeplure_030,deeplure_030_variant2.jpg,source_image_proxy,handloom_sarees,train,641,641,JPEG,RGB,pass,color_variant_2,True,HSV_Hue_+240deg_Sat_x0.98
data/processed\variants\deeplure_030_variant3.jpg,deeplure_saree_corpus,deeplure_030,deeplure_030_variant3.jpg,source_image_proxy,handloom_sarees,train,641,641,JPEG,RGB,pass,color_variant_3,True,HSV_Hue_+50deg_Sat_x1.20_ValGamma_0.95
data/raw\deeplure_corpus\sarees_dataset\handloom_sarees\img_261444.jpg,deeplure_saree_corpus,deeplure_031,img_261444.jpg,source_image_proxy,handloom_sarees,train,610,610,JPEG,RGB,pass,original,False,none
data/processed\variants\deeplure_031_variant1.jpg,deeplure_saree_corpus,deeplure_031,deeplure_031_variant1.jpg,source_image_proxy,handloom_sarees,train,610,610,JPEG,RGB,pass,color_variant_1,True,HSV_Hue_+120deg_Sat_x1.02
data/processed\variants\deeplure_031_variant2.jpg,deeplure_saree_corpus,deeplure_031,deeplure_031_variant2.jpg,source_image_proxy,handloom_sarees,train,610,610,JPEG,RGB,pass,color_variant_2,True,HSV_Hue_+240deg_Sat_x0.98
data/processed\variants\deeplure_031_variant3.jpg,deeplure_saree_corpus,deeplure_031,deeplure_031_variant3.jpg,source_image_proxy,handloom_sarees,train,610,610,JPEG,RGB,pass,color_variant_3,True,HSV_Hue_+50deg_Sat_x1.20_ValGamma_0.95
data/raw\deeplure_corpus\sarees_dataset\handloom_sarees\img_26850.jpg,deeplure_saree_corpus,deeplure_032,img_26850.jpg,source_image_proxy,handloom_sarees,train,1375,1376,JPEG,RGB,pass,original,False,none
data/processed\variants\deeplure_032_variant1.jpg,deeplure_saree_corpus,deeplure_032,deeplure_032_variant1.jpg,source_image_proxy,handloom_sarees,train,1375,1376,JPEG,RGB,pass,color_variant_1,True,HSV_Hue_+120deg_Sat_x1.02
data/processed\variants\deeplure_032_variant2.jpg,deeplure_saree_corpus,deeplure_032,deeplure_032_variant2.jpg,source_image_proxy,handloom_sarees,train,1375,1376,JPEG,RGB,pass,color_variant_2,True,HSV_Hue_+240deg_Sat_x0.98
data/processed\variants\deeplure_032_variant3.jpg,deeplure_saree_corpus,deeplure_032,deeplure_032_variant3.jpg,source_image_proxy,handloom_sarees,train,1375,1376,JPEG,RGB,pass,color_variant_3,True,HSV_Hue_+50deg_Sat_x1.20_ValGamma_0.95
data/raw\deeplure_corpus\sarees_dataset\handloom_sarees\img_270633.jpg,deeplure_saree_corpus,deeplure_033,img_270633.jpg,source_image_proxy,handloom_sarees,train,875,875,JPEG,RGB,pass,original,False,none
data/processed\variants\deeplure_033_variant1.jpg,deeplure_saree_corpus,deeplure_033,deeplure_033_variant1.jpg,source_image_proxy,handloom_sarees,train,875,875,JPEG,RGB,pass,color_variant_1,True,HSV_Hue_+120deg_Sat_x1.02
data/processed\variants\deeplure_033_variant2.jpg,deeplure_saree_corpus,deeplure_033,deeplure_033_variant2.jpg,source_image_proxy,handloom_sarees,train,875,875,JPEG,RGB,pass,color_variant_2,True,HSV_Hue_+240deg_Sat_x0.98
data/processed\variants\deeplure_033_variant3.jpg,deeplure_saree_corpus,deeplure_033,deeplure_033_variant3.jpg,source_image_proxy,handloom_sarees,train,875,875,JPEG,RGB,pass,color_variant_3,True,HSV_Hue_+50deg_Sat_x1.20_ValGamma_0.95
data/raw\deeplure_corpus\sarees_dataset\handloom_sarees\img_275183.jpg,deeplure_saree_corpus,deeplure_034,img_275183.jpg,source_image_proxy,handloom_sarees,train,485,485,JPEG,RGB,pass,original,False,none
data/processed\variants\deeplure_034_variant1.jpg,deeplure_saree_corpus,deeplure_034,deeplure_034_variant1.jpg,source_image_proxy,handloom_sarees,train,485,485,JPEG,RGB,pass,color_variant_1,True,HSV_Hue_+120deg_Sat_x1.02
data/processed\variants\deeplure_034_variant2.jpg,deeplure_saree_corpus,deeplure_034,deeplure_034_variant2.jpg,source_image_proxy,handloom_sarees,train,485,485,JPEG,RGB,pass,color_variant_2,True,HSV_Hue_+240deg_Sat_x0.98
data/processed\variants\deeplure_034_variant3.jpg,deeplure_saree_corpus,deeplure_034,deeplure_034_variant3.jpg,source_image_proxy,handloom_sarees,train,485,485,JPEG,RGB,pass,color_variant_3,True,HSV_Hue_+50deg_Sat_x1.20_ValGamma_0.95
data/raw\deeplure_corpus\sarees_dataset\handloom_sarees\img_277936.jpg,deeplure_saree_corpus,deeplure_035,img_277936.jpg,source_image_proxy,handloom_sarees,val,1285,1286,JPEG,RGB,pass,original,False,none
data/processed\variants\deeplure_035_variant1.jpg,deeplure_saree_corpus,deeplure_035,deeplure_035_variant1.jpg,source_image_proxy,handloom_sarees,val,1285,1286,JPEG,RGB,pass,color_variant_1,True,HSV_Hue_+120deg_Sat_x1.02
data/processed\variants\deeplure_035_variant2.jpg,deeplure_saree_corpus,deeplure_035,deeplure_035_variant2.jpg,source_image_proxy,handloom_sarees,val,1285,1286,JPEG,RGB,pass,color_variant_2,True,HSV_Hue_+240deg_Sat_x0.98
data/processed\variants\deeplure_035_variant3.jpg,deeplure_saree_corpus,deeplure_035,deeplure_035_variant3.jpg,source_image_proxy,handloom_sarees,val,1285,1286,JPEG,RGB,pass,color_variant_3,True,HSV_Hue_+50deg_Sat_x1.20_ValGamma_0.95
data/raw\deeplure_corpus\sarees_dataset\handloom_sarees\img_284975.jpg,deeplure_saree_corpus,deeplure_036,img_284975.jpg,source_image_proxy,handloom_sarees,val,919,919,JPEG,RGB,pass,original,False,none
data/processed\variants\deeplure_036_variant1.jpg,deeplure_saree_corpus,deeplure_036,deeplure_036_variant1.jpg,source_image_proxy,handloom_sarees,val,919,919,JPEG,RGB,pass,color_variant_1,True,HSV_Hue_+120deg_Sat_x1.02
data/processed\variants\deeplure_036_variant2.jpg,deeplure_saree_corpus,deeplure_036,deeplure_036_variant2.jpg,source_image_proxy,handloom_sarees,val,919,919,JPEG,RGB,pass,color_variant_2,True,HSV_Hue_+240deg_Sat_x0.98
data/processed\variants\deeplure_036_variant3.jpg,deeplure_saree_corpus,deeplure_036,deeplure_036_variant3.jpg,source_image_proxy,handloom_sarees,val,919,919,JPEG,RGB,pass,color_variant_3,True,HSV_Hue_+50deg_Sat_x1.20_ValGamma_0.95
data/raw\deeplure_corpus\sarees_dataset\handloom_sarees\img_289910.jpg,deeplure_saree_corpus,deeplure_037,img_289910.jpg,source_image_proxy,handloom_sarees,train,1285,1286,JPEG,RGB,pass,original,False,none
data/processed\variants\deeplure_037_variant1.jpg,deeplure_saree_corpus,deeplure_037,deeplure_037_variant1.jpg,source_image_proxy,handloom_sarees,train,1285,1286,JPEG,RGB,pass,color_variant_1,True,HSV_Hue_+120deg_Sat_x1.02
data/processed\variants\deeplure_037_variant2.jpg,deeplure_saree_corpus,deeplure_037,deeplure_037_variant2.jpg,source_image_proxy,handloom_sarees,train,1285,1286,JPEG,RGB,pass,color_variant_2,True,HSV_Hue_+240deg_Sat_x0.98
data/processed\variants\deeplure_037_variant3.jpg,deeplure_saree_corpus,deeplure_037,deeplure_037_variant3.jpg,source_image_proxy,handloom_sarees,train,1285,1286,JPEG,RGB,pass,color_variant_3,True,HSV_Hue_+50deg_Sat_x1.20_ValGamma_0.95
data/raw\deeplure_corpus\sarees_dataset\handloom_sarees\img_307484.jpg,deeplure_saree_corpus,deeplure_038,img_307484.jpg,source_image_proxy,handloom_sarees,test,893,893,JPEG,RGB,pass,original,False,none
data/processed\variants\deeplure_038_variant1.jpg,deeplure_saree_corpus,deeplure_038,deeplure_038_variant1.jpg,source_image_proxy,handloom_sarees,test,893,893,JPEG,RGB,pass,color_variant_1,True,HSV_Hue_+120deg_Sat_x1.02
data/processed\variants\deeplure_038_variant2.jpg,deeplure_saree_corpus,deeplure_038,deeplure_038_variant2.jpg,source_image_proxy,handloom_sarees,test,893,893,JPEG,RGB,pass,color_variant_2,True,HSV_Hue_+240deg_Sat_x0.98
data/processed\variants\deeplure_038_variant3.jpg,deeplure_saree_corpus,deeplure_038,deeplure_038_variant3.jpg,source_image_proxy,handloom_sarees,test,893,893,JPEG,RGB,pass,color_variant_3,True,HSV_Hue_+50deg_Sat_x1.20_ValGamma_0.95
data/raw\deeplure_corpus\sarees_dataset\handloom_sarees\img_314642.jpg,deeplure_saree_corpus,deeplure_039,img_314642.jpg,source_image_proxy,handloom_sarees,train,629,629,JPEG,RGB,pass,original,False,none
data/processed\variants\deeplure_039_variant1.jpg,deeplure_saree_corpus,deeplure_039,deeplure_039_variant1.jpg,source_image_proxy,handloom_sarees,train,629,629,JPEG,RGB,pass,color_variant_1,True,HSV_Hue_+120deg_Sat_x1.02
data/processed\variants\deeplure_039_variant2.jpg,deeplure_saree_corpus,deeplure_039,deeplure_039_variant2.jpg,source_image_proxy,handloom_sarees,train,629,629,JPEG,RGB,pass,color_variant_2,True,HSV_Hue_+240deg_Sat_x0.98
data/processed\variants\deeplure_039_variant3.jpg,deeplure_saree_corpus,deeplure_039,deeplure_039_variant3.jpg,source_image_proxy,handloom_sarees,train,629,629,JPEG,RGB,pass,color_variant_3,True,HSV_Hue_+50deg_Sat_x1.20_ValGamma_0.95
data/raw\deeplure_corpus\sarees_dataset\handloom_sarees\img_316470.jpg,deeplure_saree_corpus,deeplure_040,img_316470.jpg,source_image_proxy,handloom_sarees,train,662,662,JPEG,RGB,pass,original,False,none
data/processed\variants\deeplure_040_variant1.jpg,deeplure_saree_corpus,deeplure_040,deeplure_040_variant1.jpg,source_image_proxy,handloom_sarees,train,662,662,JPEG,RGB,pass,color_variant_1,True,HSV_Hue_+120deg_Sat_x1.02
data/processed\variants\deeplure_040_variant2.jpg,deeplure_saree_corpus,deeplure_040,deeplure_040_variant2.jpg,source_image_proxy,handloom_sarees,train,662,662,JPEG,RGB,pass,color_variant_2,True,HSV_Hue_+240deg_Sat_x0.98
data/processed\variants\deeplure_040_variant3.jpg,deeplure_saree_corpus,deeplure_040,deeplure_040_variant3.jpg,source_image_proxy,handloom_sarees,train,662,662,JPEG,RGB,pass,color_variant_3,True,HSV_Hue_+50deg_Sat_x1.20_ValGamma_0.95
data/raw\deeplure_corpus\sarees_dataset\handloom_sarees\img_325344.jpg,deeplure_saree_corpus,deeplure_041,img_325344.jpg,source_image_proxy,handloom_sarees,train,893,893,JPEG,RGB,pass,original,False,none
data/processed\variants\deeplure_041_variant1.jpg,deeplure_saree_corpus,deeplure_041,deeplure_041_variant1.jpg,source_image_proxy,handloom_sarees,train,893,893,JPEG,RGB,pass,color_variant_1,True,HSV_Hue_+120deg_Sat_x1.02
data/processed\variants\deeplure_041_variant2.jpg,deeplure_saree_corpus,deeplure_041,deeplure_041_variant2.jpg,source_image_proxy,handloom_sarees,train,893,893,JPEG,RGB,pass,color_variant_2,True,HSV_Hue_+240deg_Sat_x0.98
data/processed\variants\deeplure_041_variant3.jpg,deeplure_saree_corpus,deeplure_041,deeplure_041_variant3.jpg,source_image_proxy,handloom_sarees,train,893,893,JPEG,RGB,pass,color_variant_3,True,HSV_Hue_+50deg_Sat_x1.20_ValGamma_0.95
data/raw\deeplure_corpus\sarees_dataset\handloom_sarees\img_32852.jpg,deeplure_saree_corpus,deeplure_042,img_32852.jpg,source_image_proxy,handloom_sarees,train,642,641,JPEG,RGB,pass,original,False,none
data/processed\variants\deeplure_042_variant1.jpg,deeplure_saree_corpus,deeplure_042,deeplure_042_variant1.jpg,source_image_proxy,handloom_sarees,train,642,641,JPEG,RGB,pass,color_variant_1,True,HSV_Hue_+120deg_Sat_x1.02
data/processed\variants\deeplure_042_variant2.jpg,deeplure_saree_corpus,deeplure_042,deeplure_042_variant2.jpg,source_image_proxy,handloom_sarees,train,642,641,JPEG,RGB,pass,color_variant_2,True,HSV_Hue_+240deg_Sat_x0.98
data/processed\variants\deeplure_042_variant3.jpg,deeplure_saree_corpus,deeplure_042,deeplure_042_variant3.jpg,source_image_proxy,handloom_sarees,train,642,641,JPEG,RGB,pass,color_variant_3,True,HSV_Hue_+50deg_Sat_x1.20_ValGamma_0.95
data/raw\deeplure_corpus\sarees_dataset\handloom_sarees\img_337700.jpg,deeplure_saree_corpus,deeplure_043,img_337700.jpg,source_image_proxy,handloom_sarees,train,656,655,JPEG,RGB,pass,original,False,none
data/processed\variants\deeplure_043_variant1.jpg,deeplure_saree_corpus,deeplure_043,deeplure_043_variant1.jpg,source_image_proxy,handloom_sarees,train,656,655,JPEG,RGB,pass,color_variant_1,True,HSV_Hue_+120deg_Sat_x1.02
data/processed\variants\deeplure_043_variant2.jpg,deeplure_saree_corpus,deeplure_043,deeplure_043_variant2.jpg,source_image_proxy,handloom_sarees,train,656,655,JPEG,RGB,pass,color_variant_2,True,HSV_Hue_+240deg_Sat_x0.98
data/processed\variants\deeplure_043_variant3.jpg,deeplure_saree_corpus,deeplure_043,deeplure_043_variant3.jpg,source_image_proxy,handloom_sarees,train,656,655,JPEG,RGB,pass,color_variant_3,True,HSV_Hue_+50deg_Sat_x1.20_ValGamma_0.95
data/raw\deeplure_corpus\sarees_dataset\handloom_sarees\img_339968.jpg,deeplure_saree_corpus,deeplure_044,img_339968.jpg,source_image_proxy,handloom_sarees,val,985,986,JPEG,RGB,pass,original,False,none
data/processed\variants\deeplure_044_variant1.jpg,deeplure_saree_corpus,deeplure_044,deeplure_044_variant1.jpg,source_image_proxy,handloom_sarees,val,985,986,JPEG,RGB,pass,color_variant_1,True,HSV_Hue_+120deg_Sat_x1.02
data/processed\variants\deeplure_044_variant2.jpg,deeplure_saree_corpus,deeplure_044,deeplure_044_variant2.jpg,source_image_proxy,handloom_sarees,val,985,986,JPEG,RGB,pass,color_variant_2,True,HSV_Hue_+240deg_Sat_x0.98
data/processed\variants\deeplure_044_variant3.jpg,deeplure_saree_corpus,deeplure_044,deeplure_044_variant3.jpg,source_image_proxy,handloom_sarees,val,985,986,JPEG,RGB,pass,color_variant_3,True,HSV_Hue_+50deg_Sat_x1.20_ValGamma_0.95
data/raw\deeplure_corpus\sarees_dataset\handloom_sarees\img_341437.jpg,deeplure_saree_corpus,deeplure_045,img_341437.jpg,source_image_proxy,handloom_sarees,train,1376,1376,JPEG,RGB,pass,original,False,none
data/processed\variants\deeplure_045_variant1.jpg,deeplure_saree_corpus,deeplure_045,deeplure_045_variant1.jpg,source_image_proxy,handloom_sarees,train,1376,1376,JPEG,RGB,pass,color_variant_1,True,HSV_Hue_+120deg_Sat_x1.02
data/processed\variants\deeplure_045_variant2.jpg,deeplure_saree_corpus,deeplure_045,deeplure_045_variant2.jpg,source_image_proxy,handloom_sarees,train,1376,1376,JPEG,RGB,pass,color_variant_2,True,HSV_Hue_+240deg_Sat_x0.98
data/processed\variants\deeplure_045_variant3.jpg,deeplure_saree_corpus,deeplure_045,deeplure_045_variant3.jpg,source_image_proxy,handloom_sarees,train,1376,1376,JPEG,RGB,pass,color_variant_3,True,HSV_Hue_+50deg_Sat_x1.20_ValGamma_0.95
data/raw\deeplure_corpus\sarees_dataset\handloom_sarees\img_346343.jpg,deeplure_saree_corpus,deeplure_046,img_346343.jpg,source_image_proxy,handloom_sarees,train,1086,1085,JPEG,RGB,pass,original,False,none
data/processed\variants\deeplure_046_variant1.jpg,deeplure_saree_corpus,deeplure_046,deeplure_046_variant1.jpg,source_image_proxy,handloom_sarees,train,1086,1085,JPEG,RGB,pass,color_variant_1,True,HSV_Hue_+120deg_Sat_x1.02
data/processed\variants\deeplure_046_variant2.jpg,deeplure_saree_corpus,deeplure_046,deeplure_046_variant2.jpg,source_image_proxy,handloom_sarees,train,1086,1085,JPEG,RGB,pass,color_variant_2,True,HSV_Hue_+240deg_Sat_x0.98
data/processed\variants\deeplure_046_variant3.jpg,deeplure_saree_corpus,deeplure_046,deeplure_046_variant3.jpg,source_image_proxy,handloom_sarees,train,1086,1085,JPEG,RGB,pass,color_variant_3,True,HSV_Hue_+50deg_Sat_x1.20_ValGamma_0.95
data/raw\deeplure_corpus\sarees_dataset\handloom_sarees\img_354459.jpg,deeplure_saree_corpus,deeplure_047,img_354459.jpg,source_image_proxy,handloom_sarees,val,1511,1512,JPEG,RGB,pass,original,False,none
data/processed\variants\deeplure_047_variant1.jpg,deeplure_saree_corpus,deeplure_047,deeplure_047_variant1.jpg,source_image_proxy,handloom_sarees,val,1511,1512,JPEG,RGB,pass,color_variant_1,True,HSV_Hue_+120deg_Sat_x1.02
data/processed\variants\deeplure_047_variant2.jpg,deeplure_saree_corpus,deeplure_047,deeplure_047_variant2.jpg,source_image_proxy,handloom_sarees,val,1511,1512,JPEG,RGB,pass,color_variant_2,True,HSV_Hue_+240deg_Sat_x0.98
data/processed\variants\deeplure_047_variant3.jpg,deeplure_saree_corpus,deeplure_047,deeplure_047_variant3.jpg,source_image_proxy,handloom_sarees,val,1511,1512,JPEG,RGB,pass,color_variant_3,True,HSV_Hue_+50deg_Sat_x1.20_ValGamma_0.95
data/raw\deeplure_corpus\sarees_dataset\handloom_sarees\img_357974.jpg,deeplure_saree_corpus,deeplure_048,img_357974.jpg,source_image_proxy,handloom_sarees,train,662,662,JPEG,RGB,pass,original,False,none
data/processed\variants\deeplure_048_variant1.jpg,deeplure_saree_corpus,deeplure_048,deeplure_048_variant1.jpg,source_image_proxy,handloom_sarees,train,662,662,JPEG,RGB,pass,color_variant_1,True,HSV_Hue_+120deg_Sat_x1.02
data/processed\variants\deeplure_048_variant2.jpg,deeplure_saree_corpus,deeplure_048,deeplure_048_variant2.jpg,source_image_proxy,handloom_sarees,train,662,662,JPEG,RGB,pass,color_variant_2,True,HSV_Hue_+240deg_Sat_x0.98
data/processed\variants\deeplure_048_variant3.jpg,deeplure_saree_corpus,deeplure_048,deeplure_048_variant3.jpg,source_image_proxy,handloom_sarees,train,662,662,JPEG,RGB,pass,color_variant_3,True,HSV_Hue_+50deg_Sat_x1.20_ValGamma_0.95
data/raw\deeplure_corpus\sarees_dataset\handloom_sarees\img_364174.jpg,deeplure_saree_corpus,deeplure_049,img_364174.jpg,source_image_proxy,handloom_sarees,test,908,907,JPEG,RGB,pass,original,False,none
data/processed\variants\deeplure_049_variant1.jpg,deeplure_saree_corpus,deeplure_049,deeplure_049_variant1.jpg,source_image_proxy,handloom_sarees,test,908,907,JPEG,RGB,pass,color_variant_1,True,HSV_Hue_+120deg_Sat_x1.02
data/processed\variants\deeplure_049_variant2.jpg,deeplure_saree_corpus,deeplure_049,deeplure_049_variant2.jpg,source_image_proxy,handloom_sarees,test,908,907,JPEG,RGB,pass,color_variant_2,True,HSV_Hue_+240deg_Sat_x0.98
data/processed\variants\deeplure_049_variant3.jpg,deeplure_saree_corpus,deeplure_049,deeplure_049_variant3.jpg,source_image_proxy,handloom_sarees,test,908,907,JPEG,RGB,pass,color_variant_3,True,HSV_Hue_+50deg_Sat_x1.20_ValGamma_0.95
data/raw\deeplure_corpus\sarees_dataset\handloom_sarees\img_364907.jpg,deeplure_saree_corpus,deeplure_050,img_364907.jpg,source_image_proxy,handloom_sarees,val,589,590,JPEG,RGB,pass,original,False,none
data/processed\variants\deeplure_050_variant1.jpg,deeplure_saree_corpus,deeplure_050,deeplure_050_variant1.jpg,source_image_proxy,handloom_sarees,val,589,590,JPEG,RGB,pass,color_variant_1,True,HSV_Hue_+120deg_Sat_x1.02
data/processed\variants\deeplure_050_variant2.jpg,deeplure_saree_corpus,deeplure_050,deeplure_050_variant2.jpg,source_image_proxy,handloom_sarees,val,589,590,JPEG,RGB,pass,color_variant_2,True,HSV_Hue_+240deg_Sat_x0.98
data/processed\variants\deeplure_050_variant3.jpg,deeplure_saree_corpus,deeplure_050,deeplure_050_variant3.jpg,source_image_proxy,handloom_sarees,val,589,590,JPEG,RGB,pass,color_variant_3,True,HSV_Hue_+50deg_Sat_x1.20_ValGamma_0.95
data/raw\deeplure_corpus\sarees_dataset\handloom_sarees\img_366604.jpg,deeplure_saree_corpus,deeplure_051,img_366604.jpg,source_image_proxy,handloom_sarees,test,662,662,JPEG,RGB,pass,original,False,none
data/processed\variants\deeplure_051_variant1.jpg,deeplure_saree_corpus,deeplure_051,deeplure_051_variant1.jpg,source_image_proxy,handloom_sarees,test,662,662,JPEG,RGB,pass,color_variant_1,True,HSV_Hue_+120deg_Sat_x1.02
data/processed\variants\deeplure_051_variant2.jpg,deeplure_saree_corpus,deeplure_051,deeplure_051_variant2.jpg,source_image_proxy,handloom_sarees,test,662,662,JPEG,RGB,pass,color_variant_2,True,HSV_Hue_+240deg_Sat_x0.98
data/processed\variants\deeplure_051_variant3.jpg,deeplure_saree_corpus,deeplure_051,deeplure_051_variant3.jpg,source_image_proxy,handloom_sarees,test,662,662,JPEG,RGB,pass,color_variant_3,True,HSV_Hue_+50deg_Sat_x1.20_ValGamma_0.95
data/raw\deeplure_corpus\sarees_dataset\handloom_sarees\img_369469.jpg,deeplure_saree_corpus,deeplure_052,img_369469.jpg,source_image_proxy,handloom_sarees,train,656,655,JPEG,RGB,pass,original,False,none
data/processed\variants\deeplure_052_variant1.jpg,deeplure_saree_corpus,deeplure_052,deeplure_052_variant1.jpg,source_image_proxy,handloom_sarees,train,656,655,JPEG,RGB,pass,color_variant_1,True,HSV_Hue_+120deg_Sat_x1.02
data/processed\variants\deeplure_052_variant2.jpg,deeplure_saree_corpus,deeplure_052,deeplure_052_variant2.jpg,source_image_proxy,handloom_sarees,train,656,655,JPEG,RGB,pass,color_variant_2,True,HSV_Hue_+240deg_Sat_x0.98
data/processed\variants\deeplure_052_variant3.jpg,deeplure_saree_corpus,deeplure_052,deeplure_052_variant3.jpg,source_image_proxy,handloom_sarees,train,656,655,JPEG,RGB,pass,color_variant_3,True,HSV_Hue_+50deg_Sat_x1.20_ValGamma_0.95
data/raw\deeplure_corpus\sarees_dataset\handloom_sarees\img_37489.jpg,deeplure_saree_corpus,deeplure_053,img_37489.jpg,source_image_proxy,handloom_sarees,test,919,919,JPEG,RGB,pass,original,False,none
data/processed\variants\deeplure_053_variant1.jpg,deeplure_saree_corpus,deeplure_053,deeplure_053_variant1.jpg,source_image_proxy,handloom_sarees,test,919,919,JPEG,RGB,pass,color_variant_1,True,HSV_Hue_+120deg_Sat_x1.02
data/processed\variants\deeplure_053_variant2.jpg,deeplure_saree_corpus,deeplure_053,deeplure_053_variant2.jpg,source_image_proxy,handloom_sarees,test,919,919,JPEG,RGB,pass,color_variant_2,True,HSV_Hue_+240deg_Sat_x0.98
data/processed\variants\deeplure_053_variant3.jpg,deeplure_saree_corpus,deeplure_053,deeplure_053_variant3.jpg,source_image_proxy,handloom_sarees,test,919,919,JPEG,RGB,pass,color_variant_3,True,HSV_Hue_+50deg_Sat_x1.20_ValGamma_0.95
data/raw\deeplure_corpus\sarees_dataset\handloom_sarees\img_381577.jpg,deeplure_saree_corpus,deeplure_054,img_381577.jpg,source_image_proxy,handloom_sarees,val,610,610,JPEG,RGB,pass,original,False,none
data/processed\variants\deeplure_054_variant1.jpg,deeplure_saree_corpus,deeplure_054,deeplure_054_variant1.jpg,source_image_proxy,handloom_sarees,val,610,610,JPEG,RGB,pass,color_variant_1,True,HSV_Hue_+120deg_Sat_x1.02
data/processed\variants\deeplure_054_variant2.jpg,deeplure_saree_corpus,deeplure_054,deeplure_054_variant2.jpg,source_image_proxy,handloom_sarees,val,610,610,JPEG,RGB,pass,color_variant_2,True,HSV_Hue_+240deg_Sat_x0.98
data/processed\variants\deeplure_054_variant3.jpg,deeplure_saree_corpus,deeplure_054,deeplure_054_variant3.jpg,source_image_proxy,handloom_sarees,val,610,610,JPEG,RGB,pass,color_variant_3,True,HSV_Hue_+50deg_Sat_x1.20_ValGamma_0.95
data/raw\deeplure_corpus\sarees_dataset\handloom_sarees\img_385960.jpg,deeplure_saree_corpus,deeplure_055,img_385960.jpg,source_image_proxy,handloom_sarees,test,708,707,JPEG,RGB,pass,original,False,none
data/processed\variants\deeplure_055_variant1.jpg,deeplure_saree_corpus,deeplure_055,deeplure_055_variant1.jpg,source_image_proxy,handloom_sarees,test,708,707,JPEG,RGB,pass,color_variant_1,True,HSV_Hue_+120deg_Sat_x1.02
data/processed\variants\deeplure_055_variant2.jpg,deeplure_saree_corpus,deeplure_055,deeplure_055_variant2.jpg,source_image_proxy,handloom_sarees,test,708,707,JPEG,RGB,pass,color_variant_2,True,HSV_Hue_+240deg_Sat_x0.98
data/processed\variants\deeplure_055_variant3.jpg,deeplure_saree_corpus,deeplure_055,deeplure_055_variant3.jpg,source_image_proxy,handloom_sarees,test,708,707,JPEG,RGB,pass,color_variant_3,True,HSV_Hue_+50deg_Sat_x1.20_ValGamma_0.95
data/raw\deeplure_corpus\sarees_dataset\handloom_sarees\img_386972.jpg,deeplure_saree_corpus,deeplure_056,img_386972.jpg,source_image_proxy,handloom_sarees,train,589,590,JPEG,RGB,pass,original,False,none
data/processed\variants\deeplure_056_variant1.jpg,deeplure_saree_corpus,deeplure_056,deeplure_056_variant1.jpg,source_image_proxy,handloom_sarees,train,589,590,JPEG,RGB,pass,color_variant_1,True,HSV_Hue_+120deg_Sat_x1.02
data/processed\variants\deeplure_056_variant2.jpg,deeplure_saree_corpus,deeplure_056,deeplure_056_variant2.jpg,source_image_proxy,handloom_sarees,train,589,590,JPEG,RGB,pass,color_variant_2,True,HSV_Hue_+240deg_Sat_x0.98
data/processed\variants\deeplure_056_variant3.jpg,deeplure_saree_corpus,deeplure_056,deeplure_056_variant3.jpg,source_image_proxy,handloom_sarees,train,589,590,JPEG,RGB,pass,color_variant_3,True,HSV_Hue_+50deg_Sat_x1.20_ValGamma_0.95
data/raw\deeplure_corpus\sarees_dataset\handloom_sarees\img_393000.jpg,deeplure_saree_corpus,deeplure_057,img_393000.jpg,source_image_proxy,handloom_sarees,train,567,567,JPEG,RGB,pass,original,False,none
data/processed\variants\deeplure_057_variant1.jpg,deeplure_saree_corpus,deeplure_057,deeplure_057_variant1.jpg,source_image_proxy,handloom_sarees,train,567,567,JPEG,RGB,pass,color_variant_1,True,HSV_Hue_+120deg_Sat_x1.02
data/processed\variants\deeplure_057_variant2.jpg,deeplure_saree_corpus,deeplure_057,deeplure_057_variant2.jpg,source_image_proxy,handloom_sarees,train,567,567,JPEG,RGB,pass,color_variant_2,True,HSV_Hue_+240deg_Sat_x0.98
data/processed\variants\deeplure_057_variant3.jpg,deeplure_saree_corpus,deeplure_057,deeplure_057_variant3.jpg,source_image_proxy,handloom_sarees,train,567,567,JPEG,RGB,pass,color_variant_3,True,HSV_Hue_+50deg_Sat_x1.20_ValGamma_0.95
data/raw\deeplure_corpus\sarees_dataset\handloom_sarees\img_399807.jpg,deeplure_saree_corpus,deeplure_058,img_399807.jpg,source_image_proxy,handloom_sarees,test,1185,1185,JPEG,RGB,pass,original,False,none
data/processed\variants\deeplure_058_variant1.jpg,deeplure_saree_corpus,deeplure_058,deeplure_058_variant1.jpg,source_image_proxy,handloom_sarees,test,1185,1185,JPEG,RGB,pass,color_variant_1,True,HSV_Hue_+120deg_Sat_x1.02
data/processed\variants\deeplure_058_variant2.jpg,deeplure_saree_corpus,deeplure_058,deeplure_058_variant2.jpg,source_image_proxy,handloom_sarees,test,1185,1185,JPEG,RGB,pass,color_variant_2,True,HSV_Hue_+240deg_Sat_x0.98
data/processed\variants\deeplure_058_variant3.jpg,deeplure_saree_corpus,deeplure_058,deeplure_058_variant3.jpg,source_image_proxy,handloom_sarees,test,1185,1185,JPEG,RGB,pass,color_variant_3,True,HSV_Hue_+50deg_Sat_x1.20_ValGamma_0.95
data/raw\deeplure_corpus\sarees_dataset\handloom_sarees\img_40145.jpg,deeplure_saree_corpus,deeplure_059,img_40145.jpg,source_image_proxy,handloom_sarees,test,486,485,JPEG,RGB,pass,original,False,none
data/processed\variants\deeplure_059_variant1.jpg,deeplure_saree_corpus,deeplure_059,deeplure_059_variant1.jpg,source_image_proxy,handloom_sarees,test,486,485,JPEG,RGB,pass,color_variant_1,True,HSV_Hue_+120deg_Sat_x1.02
data/processed\variants\deeplure_059_variant2.jpg,deeplure_saree_corpus,deeplure_059,deeplure_059_variant2.jpg,source_image_proxy,handloom_sarees,test,486,485,JPEG,RGB,pass,color_variant_2,True,HSV_Hue_+240deg_Sat_x0.98
data/processed\variants\deeplure_059_variant3.jpg,deeplure_saree_corpus,deeplure_059,deeplure_059_variant3.jpg,source_image_proxy,handloom_sarees,test,486,485,JPEG,RGB,pass,color_variant_3,True,HSV_Hue_+50deg_Sat_x1.20_ValGamma_0.95
data/raw\deeplure_corpus\sarees_dataset\handloom_sarees\img_403289.jpg,deeplure_saree_corpus,deeplure_060,img_403289.jpg,source_image_proxy,handloom_sarees,test,226,226,JPEG,RGB,pass,original,False,none
data/processed\variants\deeplure_060_variant1.jpg,deeplure_saree_corpus,deeplure_060,deeplure_060_variant1.jpg,source_image_proxy,handloom_sarees,test,226,226,JPEG,RGB,pass,color_variant_1,True,HSV_Hue_+120deg_Sat_x1.02
data/processed\variants\deeplure_060_variant2.jpg,deeplure_saree_corpus,deeplure_060,deeplure_060_variant2.jpg,source_image_proxy,handloom_sarees,test,226,226,JPEG,RGB,pass,color_variant_2,True,HSV_Hue_+240deg_Sat_x0.98
data/processed\variants\deeplure_060_variant3.jpg,deeplure_saree_corpus,deeplure_060,deeplure_060_variant3.jpg,source_image_proxy,handloom_sarees,test,226,226,JPEG,RGB,pass,color_variant_3,True,HSV_Hue_+50deg_Sat_x1.20_ValGamma_0.95
data/raw\deeplure_corpus\sarees_dataset\handloom_sarees\img_411083.jpg,deeplure_saree_corpus,deeplure_061,img_411083.jpg,source_image_proxy,handloom_sarees,train,730,730,JPEG,RGB,pass,original,False,none
data/processed\variants\deeplure_061_variant1.jpg,deeplure_saree_corpus,deeplure_061,deeplure_061_variant1.jpg,source_image_proxy,handloom_sarees,train,730,730,JPEG,RGB,pass,color_variant_1,True,HSV_Hue_+120deg_Sat_x1.02
data/processed\variants\deeplure_061_variant2.jpg,deeplure_saree_corpus,deeplure_061,deeplure_061_variant2.jpg,source_image_proxy,handloom_sarees,train,730,730,JPEG,RGB,pass,color_variant_2,True,HSV_Hue_+240deg_Sat_x0.98
data/processed\variants\deeplure_061_variant3.jpg,deeplure_saree_corpus,deeplure_061,deeplure_061_variant3.jpg,source_image_proxy,handloom_sarees,train,730,730,JPEG,RGB,pass,color_variant_3,True,HSV_Hue_+50deg_Sat_x1.20_ValGamma_0.95
data/raw\deeplure_corpus\sarees_dataset\handloom_sarees\img_413996.jpg,deeplure_saree_corpus,deeplure_062,img_413996.jpg,source_image_proxy,handloom_sarees,train,598,598,JPEG,RGB,pass,original,False,none
data/processed\variants\deeplure_062_variant1.jpg,deeplure_saree_corpus,deeplure_062,deeplure_062_variant1.jpg,source_image_proxy,handloom_sarees,train,598,598,JPEG,RGB,pass,color_variant_1,True,HSV_Hue_+120deg_Sat_x1.02
data/processed\variants\deeplure_062_variant2.jpg,deeplure_saree_corpus,deeplure_062,deeplure_062_variant2.jpg,source_image_proxy,handloom_sarees,train,598,598,JPEG,RGB,pass,color_variant_2,True,HSV_Hue_+240deg_Sat_x0.98
data/processed\variants\deeplure_062_variant3.jpg,deeplure_saree_corpus,deeplure_062,deeplure_062_variant3.jpg,source_image_proxy,handloom_sarees,train,598,598,JPEG,RGB,pass,color_variant_3,True,HSV_Hue_+50deg_Sat_x1.20_ValGamma_0.95
data/raw\deeplure_corpus\sarees_dataset\handloom_sarees\img_417511.jpg,deeplure_saree_corpus,deeplure_063,img_417511.jpg,source_image_proxy,handloom_sarees,train,1367,1367,JPEG,RGB,pass,original,False,none
data/processed\variants\deeplure_063_variant1.jpg,deeplure_saree_corpus,deeplure_063,deeplure_063_variant1.jpg,source_image_proxy,handloom_sarees,train,1367,1367,JPEG,RGB,pass,color_variant_1,True,HSV_Hue_+120deg_Sat_x1.02
data/processed\variants\deeplure_063_variant2.jpg,deeplure_saree_corpus,deeplure_063,deeplure_063_variant2.jpg,source_image_proxy,handloom_sarees,train,1367,1367,JPEG,RGB,pass,color_variant_2,True,HSV_Hue_+240deg_Sat_x0.98
data/processed\variants\deeplure_063_variant3.jpg,deeplure_saree_corpus,deeplure_063,deeplure_063_variant3.jpg,source_image_proxy,handloom_sarees,train,1367,1367,JPEG,RGB,pass,color_variant_3,True,HSV_Hue_+50deg_Sat_x1.20_ValGamma_0.95
data/raw\deeplure_corpus\sarees_dataset\handloom_sarees\img_429922.jpg,deeplure_saree_corpus,deeplure_064,img_429922.jpg,source_image_proxy,handloom_sarees,test,642,642,JPEG,RGB,pass,original,False,none
data/processed\variants\deeplure_064_variant1.jpg,deeplure_saree_corpus,deeplure_064,deeplure_064_variant1.jpg,source_image_proxy,handloom_sarees,test,642,642,JPEG,RGB,pass,color_variant_1,True,HSV_Hue_+120deg_Sat_x1.02
data/processed\variants\deeplure_064_variant2.jpg,deeplure_saree_corpus,deeplure_064,deeplure_064_variant2.jpg,source_image_proxy,handloom_sarees,test,642,642,JPEG,RGB,pass,color_variant_2,True,HSV_Hue_+240deg_Sat_x0.98
data/processed\variants\deeplure_064_variant3.jpg,deeplure_saree_corpus,deeplure_064,deeplure_064_variant3.jpg,source_image_proxy,handloom_sarees,test,642,642,JPEG,RGB,pass,color_variant_3,True,HSV_Hue_+50deg_Sat_x1.20_ValGamma_0.95
data/raw\deeplure_corpus\sarees_dataset\handloom_sarees\img_433250.jpg,deeplure_saree_corpus,deeplure_065,img_433250.jpg,source_image_proxy,handloom_sarees,train,227,227,JPEG,RGB,pass,original,False,none
data/processed\variants\deeplure_065_variant1.jpg,deeplure_saree_corpus,deeplure_065,deeplure_065_variant1.jpg,source_image_proxy,handloom_sarees,train,227,227,JPEG,RGB,pass,color_variant_1,True,HSV_Hue_+120deg_Sat_x1.02
data/processed\variants\deeplure_065_variant2.jpg,deeplure_saree_corpus,deeplure_065,deeplure_065_variant2.jpg,source_image_proxy,handloom_sarees,train,227,227,JPEG,RGB,pass,color_variant_2,True,HSV_Hue_+240deg_Sat_x0.98
data/processed\variants\deeplure_065_variant3.jpg,deeplure_saree_corpus,deeplure_065,deeplure_065_variant3.jpg,source_image_proxy,handloom_sarees,train,227,227,JPEG,RGB,pass,color_variant_3,True,HSV_Hue_+50deg_Sat_x1.20_ValGamma_0.95
data/raw\deeplure_corpus\sarees_dataset\handloom_sarees\img_442389.jpg,deeplure_saree_corpus,deeplure_066,img_442389.jpg,source_image_proxy,handloom_sarees,train,632,632,JPEG,RGB,pass,original,False,none
data/processed\variants\deeplure_066_variant1.jpg,deeplure_saree_corpus,deeplure_066,deeplure_066_variant1.jpg,source_image_proxy,handloom_sarees,train,632,632,JPEG,RGB,pass,color_variant_1,True,HSV_Hue_+120deg_Sat_x1.02
data/processed\variants\deeplure_066_variant2.jpg,deeplure_saree_corpus,deeplure_066,deeplure_066_variant2.jpg,source_image_proxy,handloom_sarees,train,632,632,JPEG,RGB,pass,color_variant_2,True,HSV_Hue_+240deg_Sat_x0.98
data/processed\variants\deeplure_066_variant3.jpg,deeplure_saree_corpus,deeplure_066,deeplure_066_variant3.jpg,source_image_proxy,handloom_sarees,train,632,632,JPEG,RGB,pass,color_variant_3,True,HSV_Hue_+50deg_Sat_x1.20_ValGamma_0.95
data/raw\deeplure_corpus\sarees_dataset\handloom_sarees\img_445986.jpg,deeplure_saree_corpus,deeplure_067,img_445986.jpg,source_image_proxy,handloom_sarees,train,1186,1185,JPEG,RGB,pass,original,False,none
data/processed\variants\deeplure_067_variant1.jpg,deeplure_saree_corpus,deeplure_067,deeplure_067_variant1.jpg,source_image_proxy,handloom_sarees,train,1186,1185,JPEG,RGB,pass,color_variant_1,True,HSV_Hue_+120deg_Sat_x1.02
data/processed\variants\deeplure_067_variant2.jpg,deeplure_saree_corpus,deeplure_067,deeplure_067_variant2.jpg,source_image_proxy,handloom_sarees,train,1186,1185,JPEG,RGB,pass,color_variant_2,True,HSV_Hue_+240deg_Sat_x0.98
data/processed\variants\deeplure_067_variant3.jpg,deeplure_saree_corpus,deeplure_067,deeplure_067_variant3.jpg,source_image_proxy,handloom_sarees,train,1186,1185,JPEG,RGB,pass,color_variant_3,True,HSV_Hue_+50deg_Sat_x1.20_ValGamma_0.95
data/raw\deeplure_corpus\sarees_dataset\handloom_sarees\img_447852.jpg,deeplure_saree_corpus,deeplure_068,img_447852.jpg,source_image_proxy,handloom_sarees,train,1511,1512,JPEG,RGB,pass,original,False,none
data/processed\variants\deeplure_068_variant1.jpg,deeplure_saree_corpus,deeplure_068,deeplure_068_variant1.jpg,source_image_proxy,handloom_sarees,train,1511,1512,JPEG,RGB,pass,color_variant_1,True,HSV_Hue_+120deg_Sat_x1.02
data/processed\variants\deeplure_068_variant2.jpg,deeplure_saree_corpus,deeplure_068,deeplure_068_variant2.jpg,source_image_proxy,handloom_sarees,train,1511,1512,JPEG,RGB,pass,color_variant_2,True,HSV_Hue_+240deg_Sat_x0.98
data/processed\variants\deeplure_068_variant3.jpg,deeplure_saree_corpus,deeplure_068,deeplure_068_variant3.jpg,source_image_proxy,handloom_sarees,train,1511,1512,JPEG,RGB,pass,color_variant_3,True,HSV_Hue_+50deg_Sat_x1.20_ValGamma_0.95
data/raw\deeplure_corpus\sarees_dataset\handloom_sarees\img_450212.jpg,deeplure_saree_corpus,deeplure_069,img_450212.jpg,source_image_proxy,handloom_sarees,train,598,598,JPEG,RGB,pass,original,False,none
data/processed\variants\deeplure_069_variant1.jpg,deeplure_saree_corpus,deeplure_069,deeplure_069_variant1.jpg,source_image_proxy,handloom_sarees,train,598,598,JPEG,RGB,pass,color_variant_1,True,HSV_Hue_+120deg_Sat_x1.02
data/processed\variants\deeplure_069_variant2.jpg,deeplure_saree_corpus,deeplure_069,deeplure_069_variant2.jpg,source_image_proxy,handloom_sarees,train,598,598,JPEG,RGB,pass,color_variant_2,True,HSV_Hue_+240deg_Sat_x0.98
data/processed\variants\deeplure_069_variant3.jpg,deeplure_saree_corpus,deeplure_069,deeplure_069_variant3.jpg,source_image_proxy,handloom_sarees,train,598,598,JPEG,RGB,pass,color_variant_3,True,HSV_Hue_+50deg_Sat_x1.20_ValGamma_0.95
data/raw\deeplure_corpus\sarees_dataset\handloom_sarees\img_458235.jpg,deeplure_saree_corpus,deeplure_070,img_458235.jpg,source_image_proxy,handloom_sarees,train,227,227,JPEG,RGB,pass,original,False,none
data/processed\variants\deeplure_070_variant1.jpg,deeplure_saree_corpus,deeplure_070,deeplure_070_variant1.jpg,source_image_proxy,handloom_sarees,train,227,227,JPEG,RGB,pass,color_variant_1,True,HSV_Hue_+120deg_Sat_x1.02
data/processed\variants\deeplure_070_variant2.jpg,deeplure_saree_corpus,deeplure_070,deeplure_070_variant2.jpg,source_image_proxy,handloom_sarees,train,227,227,JPEG,RGB,pass,color_variant_2,True,HSV_Hue_+240deg_Sat_x0.98
data/processed\variants\deeplure_070_variant3.jpg,deeplure_saree_corpus,deeplure_070,deeplure_070_variant3.jpg,source_image_proxy,handloom_sarees,train,227,227,JPEG,RGB,pass,color_variant_3,True,HSV_Hue_+50deg_Sat_x1.20_ValGamma_0.95
data/raw\deeplure_corpus\sarees_dataset\handloom_sarees\img_475101.jpg,deeplure_saree_corpus,deeplure_071,img_475101.jpg,source_image_proxy,handloom_sarees,val,1285,1286,JPEG,RGB,pass,original,False,none
data/processed\variants\deeplure_071_variant1.jpg,deeplure_saree_corpus,deeplure_071,deeplure_071_variant1.jpg,source_image_proxy,handloom_sarees,val,1285,1286,JPEG,RGB,pass,color_variant_1,True,HSV_Hue_+120deg_Sat_x1.02
data/processed\variants\deeplure_071_variant2.jpg,deeplure_saree_corpus,deeplure_071,deeplure_071_variant2.jpg,source_image_proxy,handloom_sarees,val,1285,1286,JPEG,RGB,pass,color_variant_2,True,HSV_Hue_+240deg_Sat_x0.98
data/processed\variants\deeplure_071_variant3.jpg,deeplure_saree_corpus,deeplure_071,deeplure_071_variant3.jpg,source_image_proxy,handloom_sarees,val,1285,1286,JPEG,RGB,pass,color_variant_3,True,HSV_Hue_+50deg_Sat_x1.20_ValGamma_0.95
data/raw\deeplure_corpus\sarees_dataset\handloom_sarees\img_475851.jpg,deeplure_saree_corpus,deeplure_072,img_475851.jpg,source_image_proxy,handloom_sarees,test,582,582,JPEG,RGB,pass,original,False,none
data/processed\variants\deeplure_072_variant1.jpg,deeplure_saree_corpus,deeplure_072,deeplure_072_variant1.jpg,source_image_proxy,handloom_sarees,test,582,582,JPEG,RGB,pass,color_variant_1,True,HSV_Hue_+120deg_Sat_x1.02
data/processed\variants\deeplure_072_variant2.jpg,deeplure_saree_corpus,deeplure_072,deeplure_072_variant2.jpg,source_image_proxy,handloom_sarees,test,582,582,JPEG,RGB,pass,color_variant_2,True,HSV_Hue_+240deg_Sat_x0.98
data/processed\variants\deeplure_072_variant3.jpg,deeplure_saree_corpus,deeplure_072,deeplure_072_variant3.jpg,source_image_proxy,handloom_sarees,test,582,582,JPEG,RGB,pass,color_variant_3,True,HSV_Hue_+50deg_Sat_x1.20_ValGamma_0.95
data/raw\deeplure_corpus\sarees_dataset\handloom_sarees\img_477984.jpg,deeplure_saree_corpus,deeplure_073,img_477984.jpg,source_image_proxy,handloom_sarees,test,598,598,JPEG,RGB,pass,original,False,none
data/processed\variants\deeplure_073_variant1.jpg,deeplure_saree_corpus,deeplure_073,deeplure_073_variant1.jpg,source_image_proxy,handloom_sarees,test,598,598,JPEG,RGB,pass,color_variant_1,True,HSV_Hue_+120deg_Sat_x1.02
data/processed\variants\deeplure_073_variant2.jpg,deeplure_saree_corpus,deeplure_073,deeplure_073_variant2.jpg,source_image_proxy,handloom_sarees,test,598,598,JPEG,RGB,pass,color_variant_2,True,HSV_Hue_+240deg_Sat_x0.98
data/processed\variants\deeplure_073_variant3.jpg,deeplure_saree_corpus,deeplure_073,deeplure_073_variant3.jpg,source_image_proxy,handloom_sarees,test,598,598,JPEG,RGB,pass,color_variant_3,True,HSV_Hue_+50deg_Sat_x1.20_ValGamma_0.95
data/raw\deeplure_corpus\sarees_dataset\handloom_sarees\img_478598.jpg,deeplure_saree_corpus,deeplure_074,img_478598.jpg,source_image_proxy,handloom_sarees,train,894,894,JPEG,RGB,pass,original,False,none
data/processed\variants\deeplure_074_variant1.jpg,deeplure_saree_corpus,deeplure_074,deeplure_074_variant1.jpg,source_image_proxy,handloom_sarees,train,894,894,JPEG,RGB,pass,color_variant_1,True,HSV_Hue_+120deg_Sat_x1.02
data/processed\variants\deeplure_074_variant2.jpg,deeplure_saree_corpus,deeplure_074,deeplure_074_variant2.jpg,source_image_proxy,handloom_sarees,train,894,894,JPEG,RGB,pass,color_variant_2,True,HSV_Hue_+240deg_Sat_x0.98
data/processed\variants\deeplure_074_variant3.jpg,deeplure_saree_corpus,deeplure_074,deeplure_074_variant3.jpg,source_image_proxy,handloom_sarees,train,894,894,JPEG,RGB,pass,color_variant_3,True,HSV_Hue_+50deg_Sat_x1.20_ValGamma_0.95
data/raw\deeplure_corpus\sarees_dataset\handloom_sarees\img_48234.jpg,deeplure_saree_corpus,deeplure_075,img_48234.jpg,source_image_proxy,handloom_sarees,test,553,553,JPEG,RGB,pass,original,False,none
data/processed\variants\deeplure_075_variant1.jpg,deeplure_saree_corpus,deeplure_075,deeplure_075_variant1.jpg,source_image_proxy,handloom_sarees,test,553,553,JPEG,RGB,pass,color_variant_1,True,HSV_Hue_+120deg_Sat_x1.02
data/processed\variants\deeplure_075_variant2.jpg,deeplure_saree_corpus,deeplure_075,deeplure_075_variant2.jpg,source_image_proxy,handloom_sarees,test,553,553,JPEG,RGB,pass,color_variant_2,True,HSV_Hue_+240deg_Sat_x0.98
data/processed\variants\deeplure_075_variant3.jpg,deeplure_saree_corpus,deeplure_075,deeplure_075_variant3.jpg,source_image_proxy,handloom_sarees,test,553,553,JPEG,RGB,pass,color_variant_3,True,HSV_Hue_+50deg_Sat_x1.20_ValGamma_0.95
data/raw\deeplure_corpus\sarees_dataset\handloom_sarees\img_48825.jpg,deeplure_saree_corpus,deeplure_076,img_48825.jpg,source_image_proxy,handloom_sarees,train,1511,1512,JPEG,RGB,pass,original,False,none
data/processed\variants\deeplure_076_variant1.jpg,deeplure_saree_corpus,deeplure_076,deeplure_076_variant1.jpg,source_image_proxy,handloom_sarees,train,1511,1512,JPEG,RGB,pass,color_variant_1,True,HSV_Hue_+120deg_Sat_x1.02
data/processed\variants\deeplure_076_variant2.jpg,deeplure_saree_corpus,deeplure_076,deeplure_076_variant2.jpg,source_image_proxy,handloom_sarees,train,1511,1512,JPEG,RGB,pass,color_variant_2,True,HSV_Hue_+240deg_Sat_x0.98
data/processed\variants\deeplure_076_variant3.jpg,deeplure_saree_corpus,deeplure_076,deeplure_076_variant3.jpg,source_image_proxy,handloom_sarees,train,1511,1512,JPEG,RGB,pass,color_variant_3,True,HSV_Hue_+50deg_Sat_x1.20_ValGamma_0.95
data/raw\deeplure_corpus\sarees_dataset\handloom_sarees\img_489839.jpg,deeplure_saree_corpus,deeplure_077,img_489839.jpg,source_image_proxy,handloom_sarees,train,1260,1259,JPEG,RGB,pass,original,False,none
data/processed\variants\deeplure_077_variant1.jpg,deeplure_saree_corpus,deeplure_077,deeplure_077_variant1.jpg,source_image_proxy,handloom_sarees,train,1260,1259,JPEG,RGB,pass,color_variant_1,True,HSV_Hue_+120deg_Sat_x1.02
data/processed\variants\deeplure_077_variant2.jpg,deeplure_saree_corpus,deeplure_077,deeplure_077_variant2.jpg,source_image_proxy,handloom_sarees,train,1260,1259,JPEG,RGB,pass,color_variant_2,True,HSV_Hue_+240deg_Sat_x0.98
data/processed\variants\deeplure_077_variant3.jpg,deeplure_saree_corpus,deeplure_077,deeplure_077_variant3.jpg,source_image_proxy,handloom_sarees,train,1260,1259,JPEG,RGB,pass,color_variant_3,True,HSV_Hue_+50deg_Sat_x1.20_ValGamma_0.95
data/raw\deeplure_corpus\sarees_dataset\handloom_sarees\img_519993.jpg,deeplure_saree_corpus,deeplure_078,img_519993.jpg,source_image_proxy,handloom_sarees,val,589,589,JPEG,RGB,pass,original,False,none
data/processed\variants\deeplure_078_variant1.jpg,deeplure_saree_corpus,deeplure_078,deeplure_078_variant1.jpg,source_image_proxy,handloom_sarees,val,589,589,JPEG,RGB,pass,color_variant_1,True,HSV_Hue_+120deg_Sat_x1.02
data/processed\variants\deeplure_078_variant2.jpg,deeplure_saree_corpus,deeplure_078,deeplure_078_variant2.jpg,source_image_proxy,handloom_sarees,val,589,589,JPEG,RGB,pass,color_variant_2,True,HSV_Hue_+240deg_Sat_x0.98
data/processed\variants\deeplure_078_variant3.jpg,deeplure_saree_corpus,deeplure_078,deeplure_078_variant3.jpg,source_image_proxy,handloom_sarees,val,589,589,JPEG,RGB,pass,color_variant_3,True,HSV_Hue_+50deg_Sat_x1.20_ValGamma_0.95
data/raw\deeplure_corpus\sarees_dataset\handloom_sarees\img_524137.jpg,deeplure_saree_corpus,deeplure_079,img_524137.jpg,source_image_proxy,handloom_sarees,train,919,919,JPEG,RGB,pass,original,False,none
data/processed\variants\deeplure_079_variant1.jpg,deeplure_saree_corpus,deeplure_079,deeplure_079_variant1.jpg,source_image_proxy,handloom_sarees,train,919,919,JPEG,RGB,pass,color_variant_1,True,HSV_Hue_+120deg_Sat_x1.02
data/processed\variants\deeplure_079_variant2.jpg,deeplure_saree_corpus,deeplure_079,deeplure_079_variant2.jpg,source_image_proxy,handloom_sarees,train,919,919,JPEG,RGB,pass,color_variant_2,True,HSV_Hue_+240deg_Sat_x0.98
data/processed\variants\deeplure_079_variant3.jpg,deeplure_saree_corpus,deeplure_079,deeplure_079_variant3.jpg,source_image_proxy,handloom_sarees,train,919,919,JPEG,RGB,pass,color_variant_3,True,HSV_Hue_+50deg_Sat_x1.20_ValGamma_0.95
data/raw\deeplure_corpus\sarees_dataset\handloom_sarees\img_526657.jpg,deeplure_saree_corpus,deeplure_080,img_526657.jpg,source_image_proxy,handloom_sarees,train,553,553,JPEG,RGB,pass,original,False,none
data/processed\variants\deeplure_080_variant1.jpg,deeplure_saree_corpus,deeplure_080,deeplure_080_variant1.jpg,source_image_proxy,handloom_sarees,train,553,553,JPEG,RGB,pass,color_variant_1,True,HSV_Hue_+120deg_Sat_x1.02
data/processed\variants\deeplure_080_variant2.jpg,deeplure_saree_corpus,deeplure_080,deeplure_080_variant2.jpg,source_image_proxy,handloom_sarees,train,553,553,JPEG,RGB,pass,color_variant_2,True,HSV_Hue_+240deg_Sat_x0.98
data/processed\variants\deeplure_080_variant3.jpg,deeplure_saree_corpus,deeplure_080,deeplure_080_variant3.jpg,source_image_proxy,handloom_sarees,train,553,553,JPEG,RGB,pass,color_variant_3,True,HSV_Hue_+50deg_Sat_x1.20_ValGamma_0.95
data/raw\deeplure_corpus\sarees_dataset\handloom_sarees\img_529952.jpg,deeplure_saree_corpus,deeplure_081,img_529952.jpg,source_image_proxy,handloom_sarees,val,664,885,JPEG,RGB,pass,original,False,none
data/processed\variants\deeplure_081_variant1.jpg,deeplure_saree_corpus,deeplure_081,deeplure_081_variant1.jpg,source_image_proxy,handloom_sarees,val,664,885,JPEG,RGB,pass,color_variant_1,True,HSV_Hue_+120deg_Sat_x1.02
data/processed\variants\deeplure_081_variant2.jpg,deeplure_saree_corpus,deeplure_081,deeplure_081_variant2.jpg,source_image_proxy,handloom_sarees,val,664,885,JPEG,RGB,pass,color_variant_2,True,HSV_Hue_+240deg_Sat_x0.98
data/processed\variants\deeplure_081_variant3.jpg,deeplure_saree_corpus,deeplure_081,deeplure_081_variant3.jpg,source_image_proxy,handloom_sarees,val,664,885,JPEG,RGB,pass,color_variant_3,True,HSV_Hue_+50deg_Sat_x1.20_ValGamma_0.95
data/raw\deeplure_corpus\sarees_dataset\handloom_sarees\img_540343.jpg,deeplure_saree_corpus,deeplure_082,img_540343.jpg,source_image_proxy,handloom_sarees,train,656,656,JPEG,RGB,pass,original,False,none
data/processed\variants\deeplure_082_variant1.jpg,deeplure_saree_corpus,deeplure_082,deeplure_082_variant1.jpg,source_image_proxy,handloom_sarees,train,656,656,JPEG,RGB,pass,color_variant_1,True,HSV_Hue_+120deg_Sat_x1.02
data/processed\variants\deeplure_082_variant2.jpg,deeplure_saree_corpus,deeplure_082,deeplure_082_variant2.jpg,source_image_proxy,handloom_sarees,train,656,656,JPEG,RGB,pass,color_variant_2,True,HSV_Hue_+240deg_Sat_x0.98
data/processed\variants\deeplure_082_variant3.jpg,deeplure_saree_corpus,deeplure_082,deeplure_082_variant3.jpg,source_image_proxy,handloom_sarees,train,656,656,JPEG,RGB,pass,color_variant_3,True,HSV_Hue_+50deg_Sat_x1.20_ValGamma_0.95
data/raw\deeplure_corpus\sarees_dataset\handloom_sarees\img_541390.jpg,deeplure_saree_corpus,deeplure_083,img_541390.jpg,source_image_proxy,handloom_sarees,train,1376,1376,JPEG,RGB,pass,original,False,none
data/processed\variants\deeplure_083_variant1.jpg,deeplure_saree_corpus,deeplure_083,deeplure_083_variant1.jpg,source_image_proxy,handloom_sarees,train,1376,1376,JPEG,RGB,pass,color_variant_1,True,HSV_Hue_+120deg_Sat_x1.02
data/processed\variants\deeplure_083_variant2.jpg,deeplure_saree_corpus,deeplure_083,deeplure_083_variant2.jpg,source_image_proxy,handloom_sarees,train,1376,1376,JPEG,RGB,pass,color_variant_2,True,HSV_Hue_+240deg_Sat_x0.98
data/processed\variants\deeplure_083_variant3.jpg,deeplure_saree_corpus,deeplure_083,deeplure_083_variant3.jpg,source_image_proxy,handloom_sarees,train,1376,1376,JPEG,RGB,pass,color_variant_3,True,HSV_Hue_+50deg_Sat_x1.20_ValGamma_0.95
data/raw\deeplure_corpus\sarees_dataset\handloom_sarees\img_5447.jpg,deeplure_saree_corpus,deeplure_084,img_5447.jpg,source_image_proxy,handloom_sarees,val,554,554,JPEG,RGB,pass,original,False,none
data/processed\variants\deeplure_084_variant1.jpg,deeplure_saree_corpus,deeplure_084,deeplure_084_variant1.jpg,source_image_proxy,handloom_sarees,val,554,554,JPEG,RGB,pass,color_variant_1,True,HSV_Hue_+120deg_Sat_x1.02
data/processed\variants\deeplure_084_variant2.jpg,deeplure_saree_corpus,deeplure_084,deeplure_084_variant2.jpg,source_image_proxy,handloom_sarees,val,554,554,JPEG,RGB,pass,color_variant_2,True,HSV_Hue_+240deg_Sat_x0.98
data/processed\variants\deeplure_084_variant3.jpg,deeplure_saree_corpus,deeplure_084,deeplure_084_variant3.jpg,source_image_proxy,handloom_sarees,val,554,554,JPEG,RGB,pass,color_variant_3,True,HSV_Hue_+50deg_Sat_x1.20_ValGamma_0.95
data/raw\deeplure_corpus\sarees_dataset\handloom_sarees\img_54863.jpg,deeplure_saree_corpus,deeplure_085,img_54863.jpg,source_image_proxy,handloom_sarees,train,493,494,JPEG,RGB,pass,original,False,none
data/processed\variants\deeplure_085_variant1.jpg,deeplure_saree_corpus,deeplure_085,deeplure_085_variant1.jpg,source_image_proxy,handloom_sarees,train,493,494,JPEG,RGB,pass,color_variant_1,True,HSV_Hue_+120deg_Sat_x1.02
data/processed\variants\deeplure_085_variant2.jpg,deeplure_saree_corpus,deeplure_085,deeplure_085_variant2.jpg,source_image_proxy,handloom_sarees,train,493,494,JPEG,RGB,pass,color_variant_2,True,HSV_Hue_+240deg_Sat_x0.98
data/processed\variants\deeplure_085_variant3.jpg,deeplure_saree_corpus,deeplure_085,deeplure_085_variant3.jpg,source_image_proxy,handloom_sarees,train,493,494,JPEG,RGB,pass,color_variant_3,True,HSV_Hue_+50deg_Sat_x1.20_ValGamma_0.95
data/raw\deeplure_corpus\sarees_dataset\handloom_sarees\img_556574.jpg,deeplure_saree_corpus,deeplure_086,img_556574.jpg,source_image_proxy,handloom_sarees,train,485,485,JPEG,RGB,pass,original,False,none
data/processed\variants\deeplure_086_variant1.jpg,deeplure_saree_corpus,deeplure_086,deeplure_086_variant1.jpg,source_image_proxy,handloom_sarees,train,485,485,JPEG,RGB,pass,color_variant_1,True,HSV_Hue_+120deg_Sat_x1.02
data/processed\variants\deeplure_086_variant2.jpg,deeplure_saree_corpus,deeplure_086,deeplure_086_variant2.jpg,source_image_proxy,handloom_sarees,train,485,485,JPEG,RGB,pass,color_variant_2,True,HSV_Hue_+240deg_Sat_x0.98
data/processed\variants\deeplure_086_variant3.jpg,deeplure_saree_corpus,deeplure_086,deeplure_086_variant3.jpg,source_image_proxy,handloom_sarees,train,485,485,JPEG,RGB,pass,color_variant_3,True,HSV_Hue_+50deg_Sat_x1.20_ValGamma_0.95
data/raw\deeplure_corpus\sarees_dataset\handloom_sarees\img_55880.jpg,deeplure_saree_corpus,deeplure_087,img_55880.jpg,source_image_proxy,handloom_sarees,train,629,629,JPEG,RGB,pass,original,False,none
data/processed\variants\deeplure_087_variant1.jpg,deeplure_saree_corpus,deeplure_087,deeplure_087_variant1.jpg,source_image_proxy,handloom_sarees,train,629,629,JPEG,RGB,pass,color_variant_1,True,HSV_Hue_+120deg_Sat_x1.02
data/processed\variants\deeplure_087_variant2.jpg,deeplure_saree_corpus,deeplure_087,deeplure_087_variant2.jpg,source_image_proxy,handloom_sarees,train,629,629,JPEG,RGB,pass,color_variant_2,True,HSV_Hue_+240deg_Sat_x0.98
data/processed\variants\deeplure_087_variant3.jpg,deeplure_saree_corpus,deeplure_087,deeplure_087_variant3.jpg,source_image_proxy,handloom_sarees,train,629,629,JPEG,RGB,pass,color_variant_3,True,HSV_Hue_+50deg_Sat_x1.20_ValGamma_0.95
data/raw\deeplure_corpus\sarees_dataset\handloom_sarees\img_565213.jpg,deeplure_saree_corpus,deeplure_088,img_565213.jpg,source_image_proxy,handloom_sarees,test,641,641,JPEG,RGB,pass,original,False,none
data/processed\variants\deeplure_088_variant1.jpg,deeplure_saree_corpus,deeplure_088,deeplure_088_variant1.jpg,source_image_proxy,handloom_sarees,test,641,641,JPEG,RGB,pass,color_variant_1,True,HSV_Hue_+120deg_Sat_x1.02
data/processed\variants\deeplure_088_variant2.jpg,deeplure_saree_corpus,deeplure_088,deeplure_088_variant2.jpg,source_image_proxy,handloom_sarees,test,641,641,JPEG,RGB,pass,color_variant_2,True,HSV_Hue_+240deg_Sat_x0.98
data/processed\variants\deeplure_088_variant3.jpg,deeplure_saree_corpus,deeplure_088,deeplure_088_variant3.jpg,source_image_proxy,handloom_sarees,test,641,641,JPEG,RGB,pass,color_variant_3,True,HSV_Hue_+50deg_Sat_x1.20_ValGamma_0.95
data/raw\deeplure_corpus\sarees_dataset\handloom_sarees\img_568910.jpg,deeplure_saree_corpus,deeplure_089,img_568910.jpg,source_image_proxy,handloom_sarees,test,730,730,JPEG,RGB,pass,original,False,none
data/processed\variants\deeplure_089_variant1.jpg,deeplure_saree_corpus,deeplure_089,deeplure_089_variant1.jpg,source_image_proxy,handloom_sarees,test,730,730,JPEG,RGB,pass,color_variant_1,True,HSV_Hue_+120deg_Sat_x1.02
data/processed\variants\deeplure_089_variant2.jpg,deeplure_saree_corpus,deeplure_089,deeplure_089_variant2.jpg,source_image_proxy,handloom_sarees,test,730,730,JPEG,RGB,pass,color_variant_2,True,HSV_Hue_+240deg_Sat_x0.98
data/processed\variants\deeplure_089_variant3.jpg,deeplure_saree_corpus,deeplure_089,deeplure_089_variant3.jpg,source_image_proxy,handloom_sarees,test,730,730,JPEG,RGB,pass,color_variant_3,True,HSV_Hue_+50deg_Sat_x1.20_ValGamma_0.95
data/raw\deeplure_corpus\sarees_dataset\handloom_sarees\img_578081.jpg,deeplure_saree_corpus,deeplure_090,img_578081.jpg,source_image_proxy,handloom_sarees,val,493,493,JPEG,RGB,pass,original,False,none
data/processed\variants\deeplure_090_variant1.jpg,deeplure_saree_corpus,deeplure_090,deeplure_090_variant1.jpg,source_image_proxy,handloom_sarees,val,493,493,JPEG,RGB,pass,color_variant_1,True,HSV_Hue_+120deg_Sat_x1.02
data/processed\variants\deeplure_090_variant2.jpg,deeplure_saree_corpus,deeplure_090,deeplure_090_variant2.jpg,source_image_proxy,handloom_sarees,val,493,493,JPEG,RGB,pass,color_variant_2,True,HSV_Hue_+240deg_Sat_x0.98
data/processed\variants\deeplure_090_variant3.jpg,deeplure_saree_corpus,deeplure_090,deeplure_090_variant3.jpg,source_image_proxy,handloom_sarees,val,493,493,JPEG,RGB,pass,color_variant_3,True,HSV_Hue_+50deg_Sat_x1.20_ValGamma_0.95
data/raw\deeplure_corpus\sarees_dataset\handloom_sarees\img_578936.jpg,deeplure_saree_corpus,deeplure_091,img_578936.jpg,source_image_proxy,handloom_sarees,train,1286,1286,JPEG,RGB,pass,original,False,none
data/processed\variants\deeplure_091_variant1.jpg,deeplure_saree_corpus,deeplure_091,deeplure_091_variant1.jpg,source_image_proxy,handloom_sarees,train,1286,1286,JPEG,RGB,pass,color_variant_1,True,HSV_Hue_+120deg_Sat_x1.02
data/processed\variants\deeplure_091_variant2.jpg,deeplure_saree_corpus,deeplure_091,deeplure_091_variant2.jpg,source_image_proxy,handloom_sarees,train,1286,1286,JPEG,RGB,pass,color_variant_2,True,HSV_Hue_+240deg_Sat_x0.98
data/processed\variants\deeplure_091_variant3.jpg,deeplure_saree_corpus,deeplure_091,deeplure_091_variant3.jpg,source_image_proxy,handloom_sarees,train,1286,1286,JPEG,RGB,pass,color_variant_3,True,HSV_Hue_+50deg_Sat_x1.20_ValGamma_0.95
data/raw\deeplure_corpus\sarees_dataset\handloom_sarees\img_57969.jpg,deeplure_saree_corpus,deeplure_092,img_57969.jpg,source_image_proxy,handloom_sarees,val,566,566,JPEG,RGB,pass,original,False,none
data/processed\variants\deeplure_092_variant1.jpg,deeplure_saree_corpus,deeplure_092,deeplure_092_variant1.jpg,source_image_proxy,handloom_sarees,val,566,566,JPEG,RGB,pass,color_variant_1,True,HSV_Hue_+120deg_Sat_x1.02
data/processed\variants\deeplure_092_variant2.jpg,deeplure_saree_corpus,deeplure_092,deeplure_092_variant2.jpg,source_image_proxy,handloom_sarees,val,566,566,JPEG,RGB,pass,color_variant_2,True,HSV_Hue_+240deg_Sat_x0.98
data/processed\variants\deeplure_092_variant3.jpg,deeplure_saree_corpus,deeplure_092,deeplure_092_variant3.jpg,source_image_proxy,handloom_sarees,val,566,566,JPEG,RGB,pass,color_variant_3,True,HSV_Hue_+50deg_Sat_x1.20_ValGamma_0.95
data/raw\deeplure_corpus\sarees_dataset\handloom_sarees\img_583723.jpg,deeplure_saree_corpus,deeplure_093,img_583723.jpg,source_image_proxy,handloom_sarees,test,629,629,JPEG,RGB,pass,original,False,none
data/processed\variants\deeplure_093_variant1.jpg,deeplure_saree_corpus,deeplure_093,deeplure_093_variant1.jpg,source_image_proxy,handloom_sarees,test,629,629,JPEG,RGB,pass,color_variant_1,True,HSV_Hue_+120deg_Sat_x1.02
data/processed\variants\deeplure_093_variant2.jpg,deeplure_saree_corpus,deeplure_093,deeplure_093_variant2.jpg,source_image_proxy,handloom_sarees,test,629,629,JPEG,RGB,pass,color_variant_2,True,HSV_Hue_+240deg_Sat_x0.98
data/processed\variants\deeplure_093_variant3.jpg,deeplure_saree_corpus,deeplure_093,deeplure_093_variant3.jpg,source_image_proxy,handloom_sarees,test,629,629,JPEG,RGB,pass,color_variant_3,True,HSV_Hue_+50deg_Sat_x1.20_ValGamma_0.95
data/raw\deeplure_corpus\sarees_dataset\handloom_sarees\img_586052.jpg,deeplure_saree_corpus,deeplure_094,img_586052.jpg,source_image_proxy,handloom_sarees,train,590,589,JPEG,RGB,pass,original,False,none
data/processed\variants\deeplure_094_variant1.jpg,deeplure_saree_corpus,deeplure_094,deeplure_094_variant1.jpg,source_image_proxy,handloom_sarees,train,590,589,JPEG,RGB,pass,color_variant_1,True,HSV_Hue_+120deg_Sat_x1.02
data/processed\variants\deeplure_094_variant2.jpg,deeplure_saree_corpus,deeplure_094,deeplure_094_variant2.jpg,source_image_proxy,handloom_sarees,train,590,589,JPEG,RGB,pass,color_variant_2,True,HSV_Hue_+240deg_Sat_x0.98
data/processed\variants\deeplure_094_variant3.jpg,deeplure_saree_corpus,deeplure_094,deeplure_094_variant3.jpg,source_image_proxy,handloom_sarees,train,590,589,JPEG,RGB,pass,color_variant_3,True,HSV_Hue_+50deg_Sat_x1.20_ValGamma_0.95
data/raw\deeplure_corpus\sarees_dataset\handloom_sarees\img_586537.jpg,deeplure_saree_corpus,deeplure_095,img_586537.jpg,source_image_proxy,handloom_sarees,train,629,629,JPEG,RGB,pass,original,False,none
data/processed\variants\deeplure_095_variant1.jpg,deeplure_saree_corpus,deeplure_095,deeplure_095_variant1.jpg,source_image_proxy,handloom_sarees,train,629,629,JPEG,RGB,pass,color_variant_1,True,HSV_Hue_+120deg_Sat_x1.02
data/processed\variants\deeplure_095_variant2.jpg,deeplure_saree_corpus,deeplure_095,deeplure_095_variant2.jpg,source_image_proxy,handloom_sarees,train,629,629,JPEG,RGB,pass,color_variant_2,True,HSV_Hue_+240deg_Sat_x0.98
data/processed\variants\deeplure_095_variant3.jpg,deeplure_saree_corpus,deeplure_095,deeplure_095_variant3.jpg,source_image_proxy,handloom_sarees,train,629,629,JPEG,RGB,pass,color_variant_3,True,HSV_Hue_+50deg_Sat_x1.20_ValGamma_0.95
data/raw\deeplure_corpus\sarees_dataset\handloom_sarees\img_590289.jpg,deeplure_saree_corpus,deeplure_096,img_590289.jpg,source_image_proxy,handloom_sarees,train,471,471,JPEG,RGB,pass,original,False,none
data/processed\variants\deeplure_096_variant1.jpg,deeplure_saree_corpus,deeplure_096,deeplure_096_variant1.jpg,source_image_proxy,handloom_sarees,train,471,471,JPEG,RGB,pass,color_variant_1,True,HSV_Hue_+120deg_Sat_x1.02
data/processed\variants\deeplure_096_variant2.jpg,deeplure_saree_corpus,deeplure_096,deeplure_096_variant2.jpg,source_image_proxy,handloom_sarees,train,471,471,JPEG,RGB,pass,color_variant_2,True,HSV_Hue_+240deg_Sat_x0.98
data/processed\variants\deeplure_096_variant3.jpg,deeplure_saree_corpus,deeplure_096,deeplure_096_variant3.jpg,source_image_proxy,handloom_sarees,train,471,471,JPEG,RGB,pass,color_variant_3,True,HSV_Hue_+50deg_Sat_x1.20_ValGamma_0.95
data/raw\deeplure_corpus\sarees_dataset\handloom_sarees\img_591020.jpg,deeplure_saree_corpus,deeplure_097,img_591020.jpg,source_image_proxy,handloom_sarees,train,662,662,JPEG,RGB,pass,original,False,none
data/processed\variants\deeplure_097_variant1.jpg,deeplure_saree_corpus,deeplure_097,deeplure_097_variant1.jpg,source_image_proxy,handloom_sarees,train,662,662,JPEG,RGB,pass,color_variant_1,True,HSV_Hue_+120deg_Sat_x1.02
data/processed\variants\deeplure_097_variant2.jpg,deeplure_saree_corpus,deeplure_097,deeplure_097_variant2.jpg,source_image_proxy,handloom_sarees,train,662,662,JPEG,RGB,pass,color_variant_2,True,HSV_Hue_+240deg_Sat_x0.98
data/processed\variants\deeplure_097_variant3.jpg,deeplure_saree_corpus,deeplure_097,deeplure_097_variant3.jpg,source_image_proxy,handloom_sarees,train,662,662,JPEG,RGB,pass,color_variant_3,True,HSV_Hue_+50deg_Sat_x1.20_ValGamma_0.95
data/raw\deeplure_corpus\sarees_dataset\handloom_sarees\img_602896.jpg,deeplure_saree_corpus,deeplure_098,img_602896.jpg,source_image_proxy,handloom_sarees,train,590,589,JPEG,RGB,pass,original,False,none
data/processed\variants\deeplure_098_variant1.jpg,deeplure_saree_corpus,deeplure_098,deeplure_098_variant1.jpg,source_image_proxy,handloom_sarees,train,590,589,JPEG,RGB,pass,color_variant_1,True,HSV_Hue_+120deg_Sat_x1.02
data/processed\variants\deeplure_098_variant2.jpg,deeplure_saree_corpus,deeplure_098,deeplure_098_variant2.jpg,source_image_proxy,handloom_sarees,train,590,589,JPEG,RGB,pass,color_variant_2,True,HSV_Hue_+240deg_Sat_x0.98
data/processed\variants\deeplure_098_variant3.jpg,deeplure_saree_corpus,deeplure_098,deeplure_098_variant3.jpg,source_image_proxy,handloom_sarees,train,590,589,JPEG,RGB,pass,color_variant_3,True,HSV_Hue_+50deg_Sat_x1.20_ValGamma_0.95
data/raw\deeplure_corpus\sarees_dataset\handloom_sarees\img_614731.jpg,deeplure_saree_corpus,deeplure_099,img_614731.jpg,source_image_proxy,handloom_sarees,train,1086,1086,JPEG,RGB,pass,original,False,none
data/processed\variants\deeplure_099_variant1.jpg,deeplure_saree_corpus,deeplure_099,deeplure_099_variant1.jpg,source_image_proxy,handloom_sarees,train,1086,1086,JPEG,RGB,pass,color_variant_1,True,HSV_Hue_+120deg_Sat_x1.02
data/processed\variants\deeplure_099_variant2.jpg,deeplure_saree_corpus,deeplure_099,deeplure_099_variant2.jpg,source_image_proxy,handloom_sarees,train,1086,1086,JPEG,RGB,pass,color_variant_2,True,HSV_Hue_+240deg_Sat_x0.98
data/processed\variants\deeplure_099_variant3.jpg,deeplure_saree_corpus,deeplure_099,deeplure_099_variant3.jpg,source_image_proxy,handloom_sarees,train,1086,1086,JPEG,RGB,pass,color_variant_3,True,HSV_Hue_+50deg_Sat_x1.20_ValGamma_0.95
data/raw\deeplure_corpus\sarees_dataset\handloom_sarees\img_61951.jpg,deeplure_saree_corpus,deeplure_100,img_61951.jpg,source_image_proxy,handloom_sarees,test,656,655,JPEG,RGB,pass,original,False,none
data/processed\variants\deeplure_100_variant1.jpg,deeplure_saree_corpus,deeplure_100,deeplure_100_variant1.jpg,source_image_proxy,handloom_sarees,test,656,655,JPEG,RGB,pass,color_variant_1,True,HSV_Hue_+120deg_Sat_x1.02
data/processed\variants\deeplure_100_variant2.jpg,deeplure_saree_corpus,deeplure_100,deeplure_100_variant2.jpg,source_image_proxy,handloom_sarees,test,656,655,JPEG,RGB,pass,color_variant_2,True,HSV_Hue_+240deg_Sat_x0.98
data/processed\variants\deeplure_100_variant3.jpg,deeplure_saree_corpus,deeplure_100,deeplure_100_variant3.jpg,source_image_proxy,handloom_sarees,test,656,655,JPEG,RGB,pass,color_variant_3,True,HSV_Hue_+50deg_Sat_x1.20_ValGamma_0.95
data/raw\deeplure_corpus\sarees_dataset\handloom_sarees\img_632748.jpg,deeplure_saree_corpus,deeplure_101,img_632748.jpg,source_image_proxy,handloom_sarees,train,227,227,JPEG,RGB,pass,original,False,none
data/processed\variants\deeplure_101_variant1.jpg,deeplure_saree_corpus,deeplure_101,deeplure_101_variant1.jpg,source_image_proxy,handloom_sarees,train,227,227,JPEG,RGB,pass,color_variant_1,True,HSV_Hue_+120deg_Sat_x1.02
data/processed\variants\deeplure_101_variant2.jpg,deeplure_saree_corpus,deeplure_101,deeplure_101_variant2.jpg,source_image_proxy,handloom_sarees,train,227,227,JPEG,RGB,pass,color_variant_2,True,HSV_Hue_+240deg_Sat_x0.98
data/processed\variants\deeplure_101_variant3.jpg,deeplure_saree_corpus,deeplure_101,deeplure_101_variant3.jpg,source_image_proxy,handloom_sarees,train,227,227,JPEG,RGB,pass,color_variant_3,True,HSV_Hue_+50deg_Sat_x1.20_ValGamma_0.95
data/raw\deeplure_corpus\sarees_dataset\handloom_sarees\img_635336.jpg,deeplure_saree_corpus,deeplure_102,img_635336.jpg,source_image_proxy,handloom_sarees,train,598,598,JPEG,RGB,pass,original,False,none
data/processed\variants\deeplure_102_variant1.jpg,deeplure_saree_corpus,deeplure_102,deeplure_102_variant1.jpg,source_image_proxy,handloom_sarees,train,598,598,JPEG,RGB,pass,color_variant_1,True,HSV_Hue_+120deg_Sat_x1.02
data/processed\variants\deeplure_102_variant2.jpg,deeplure_saree_corpus,deeplure_102,deeplure_102_variant2.jpg,source_image_proxy,handloom_sarees,train,598,598,JPEG,RGB,pass,color_variant_2,True,HSV_Hue_+240deg_Sat_x0.98
data/processed\variants\deeplure_102_variant3.jpg,deeplure_saree_corpus,deeplure_102,deeplure_102_variant3.jpg,source_image_proxy,handloom_sarees,train,598,598,JPEG,RGB,pass,color_variant_3,True,HSV_Hue_+50deg_Sat_x1.20_ValGamma_0.95
data/raw\deeplure_corpus\sarees_dataset\handloom_sarees\img_635738.jpg,deeplure_saree_corpus,deeplure_103,img_635738.jpg,source_image_proxy,handloom_sarees,test,1085,1085,JPEG,RGB,pass,original,False,none
data/processed\variants\deeplure_103_variant1.jpg,deeplure_saree_corpus,deeplure_103,deeplure_103_variant1.jpg,source_image_proxy,handloom_sarees,test,1085,1085,JPEG,RGB,pass,color_variant_1,True,HSV_Hue_+120deg_Sat_x1.02
data/processed\variants\deeplure_103_variant2.jpg,deeplure_saree_corpus,deeplure_103,deeplure_103_variant2.jpg,source_image_proxy,handloom_sarees,test,1085,1085,JPEG,RGB,pass,color_variant_2,True,HSV_Hue_+240deg_Sat_x0.98
data/processed\variants\deeplure_103_variant3.jpg,deeplure_saree_corpus,deeplure_103,deeplure_103_variant3.jpg,source_image_proxy,handloom_sarees,test,1085,1085,JPEG,RGB,pass,color_variant_3,True,HSV_Hue_+50deg_Sat_x1.20_ValGamma_0.95
data/raw\deeplure_corpus\sarees_dataset\handloom_sarees\img_635895.jpg,deeplure_saree_corpus,deeplure_104,img_635895.jpg,source_image_proxy,handloom_sarees,test,1375,1376,JPEG,RGB,pass,original,False,none
data/processed\variants\deeplure_104_variant1.jpg,deeplure_saree_corpus,deeplure_104,deeplure_104_variant1.jpg,source_image_proxy,handloom_sarees,test,1375,1376,JPEG,RGB,pass,color_variant_1,True,HSV_Hue_+120deg_Sat_x1.02
data/processed\variants\deeplure_104_variant2.jpg,deeplure_saree_corpus,deeplure_104,deeplure_104_variant2.jpg,source_image_proxy,handloom_sarees,test,1375,1376,JPEG,RGB,pass,color_variant_2,True,HSV_Hue_+240deg_Sat_x0.98
data/processed\variants\deeplure_104_variant3.jpg,deeplure_saree_corpus,deeplure_104,deeplure_104_variant3.jpg,source_image_proxy,handloom_sarees,test,1375,1376,JPEG,RGB,pass,color_variant_3,True,HSV_Hue_+50deg_Sat_x1.20_ValGamma_0.95
data/raw\deeplure_corpus\sarees_dataset\handloom_sarees\img_636938.jpg,deeplure_saree_corpus,deeplure_105,img_636938.jpg,source_image_proxy,handloom_sarees,train,567,567,JPEG,RGB,pass,original,False,none
data/processed\variants\deeplure_105_variant1.jpg,deeplure_saree_corpus,deeplure_105,deeplure_105_variant1.jpg,source_image_proxy,handloom_sarees,train,567,567,JPEG,RGB,pass,color_variant_1,True,HSV_Hue_+120deg_Sat_x1.02
data/processed\variants\deeplure_105_variant2.jpg,deeplure_saree_corpus,deeplure_105,deeplure_105_variant2.jpg,source_image_proxy,handloom_sarees,train,567,567,JPEG,RGB,pass,color_variant_2,True,HSV_Hue_+240deg_Sat_x0.98
data/processed\variants\deeplure_105_variant3.jpg,deeplure_saree_corpus,deeplure_105,deeplure_105_variant3.jpg,source_image_proxy,handloom_sarees,train,567,567,JPEG,RGB,pass,color_variant_3,True,HSV_Hue_+50deg_Sat_x1.20_ValGamma_0.95
data/raw\deeplure_corpus\sarees_dataset\handloom_sarees\img_638094.jpg,deeplure_saree_corpus,deeplure_106,img_638094.jpg,source_image_proxy,handloom_sarees,train,590,589,JPEG,RGB,pass,original,False,none
data/processed\variants\deeplure_106_variant1.jpg,deeplure_saree_corpus,deeplure_106,deeplure_106_variant1.jpg,source_image_proxy,handloom_sarees,train,590,589,JPEG,RGB,pass,color_variant_1,True,HSV_Hue_+120deg_Sat_x1.02
data/processed\variants\deeplure_106_variant2.jpg,deeplure_saree_corpus,deeplure_106,deeplure_106_variant2.jpg,source_image_proxy,handloom_sarees,train,590,589,JPEG,RGB,pass,color_variant_2,True,HSV_Hue_+240deg_Sat_x0.98
data/processed\variants\deeplure_106_variant3.jpg,deeplure_saree_corpus,deeplure_106,deeplure_106_variant3.jpg,source_image_proxy,handloom_sarees,train,590,589,JPEG,RGB,pass,color_variant_3,True,HSV_Hue_+50deg_Sat_x1.20_ValGamma_0.95
data/raw\deeplure_corpus\sarees_dataset\handloom_sarees\img_642784.jpg,deeplure_saree_corpus,deeplure_107,img_642784.jpg,source_image_proxy,handloom_sarees,test,656,656,JPEG,RGB,pass,original,False,none
data/processed\variants\deeplure_107_variant1.jpg,deeplure_saree_corpus,deeplure_107,deeplure_107_variant1.jpg,source_image_proxy,handloom_sarees,test,656,656,JPEG,RGB,pass,color_variant_1,True,HSV_Hue_+120deg_Sat_x1.02
data/processed\variants\deeplure_107_variant2.jpg,deeplure_saree_corpus,deeplure_107,deeplure_107_variant2.jpg,source_image_proxy,handloom_sarees,test,656,656,JPEG,RGB,pass,color_variant_2,True,HSV_Hue_+240deg_Sat_x0.98
data/processed\variants\deeplure_107_variant3.jpg,deeplure_saree_corpus,deeplure_107,deeplure_107_variant3.jpg,source_image_proxy,handloom_sarees,test,656,656,JPEG,RGB,pass,color_variant_3,True,HSV_Hue_+50deg_Sat_x1.20_ValGamma_0.95
data/raw\deeplure_corpus\sarees_dataset\handloom_sarees\img_643949.jpg,deeplure_saree_corpus,deeplure_108,img_643949.jpg,source_image_proxy,handloom_sarees,test,664,886,JPEG,RGB,pass,original,False,none
data/processed\variants\deeplure_108_variant1.jpg,deeplure_saree_corpus,deeplure_108,deeplure_108_variant1.jpg,source_image_proxy,handloom_sarees,test,664,886,JPEG,RGB,pass,color_variant_1,True,HSV_Hue_+120deg_Sat_x1.02
data/processed\variants\deeplure_108_variant2.jpg,deeplure_saree_corpus,deeplure_108,deeplure_108_variant2.jpg,source_image_proxy,handloom_sarees,test,664,886,JPEG,RGB,pass,color_variant_2,True,HSV_Hue_+240deg_Sat_x0.98
data/processed\variants\deeplure_108_variant3.jpg,deeplure_saree_corpus,deeplure_108,deeplure_108_variant3.jpg,source_image_proxy,handloom_sarees,test,664,886,JPEG,RGB,pass,color_variant_3,True,HSV_Hue_+50deg_Sat_x1.20_ValGamma_0.95
data/raw\deeplure_corpus\sarees_dataset\handloom_sarees\img_648754.jpg,deeplure_saree_corpus,deeplure_109,img_648754.jpg,source_image_proxy,handloom_sarees,train,598,598,JPEG,RGB,pass,original,False,none
data/processed\variants\deeplure_109_variant1.jpg,deeplure_saree_corpus,deeplure_109,deeplure_109_variant1.jpg,source_image_proxy,handloom_sarees,train,598,598,JPEG,RGB,pass,color_variant_1,True,HSV_Hue_+120deg_Sat_x1.02
data/processed\variants\deeplure_109_variant2.jpg,deeplure_saree_corpus,deeplure_109,deeplure_109_variant2.jpg,source_image_proxy,handloom_sarees,train,598,598,JPEG,RGB,pass,color_variant_2,True,HSV_Hue_+240deg_Sat_x0.98
data/processed\variants\deeplure_109_variant3.jpg,deeplure_saree_corpus,deeplure_109,deeplure_109_variant3.jpg,source_image_proxy,handloom_sarees,train,598,598,JPEG,RGB,pass,color_variant_3,True,HSV_Hue_+50deg_Sat_x1.20_ValGamma_0.95
data/raw\deeplure_corpus\sarees_dataset\handloom_sarees\img_649782.jpg,deeplure_saree_corpus,deeplure_110,img_649782.jpg,source_image_proxy,handloom_sarees,train,630,630,JPEG,RGB,pass,original,False,none
data/processed\variants\deeplure_110_variant1.jpg,deeplure_saree_corpus,deeplure_110,deeplure_110_variant1.jpg,source_image_proxy,handloom_sarees,train,630,630,JPEG,RGB,pass,color_variant_1,True,HSV_Hue_+120deg_Sat_x1.02
data/processed\variants\deeplure_110_variant2.jpg,deeplure_saree_corpus,deeplure_110,deeplure_110_variant2.jpg,source_image_proxy,handloom_sarees,train,630,630,JPEG,RGB,pass,color_variant_2,True,HSV_Hue_+240deg_Sat_x0.98
data/processed\variants\deeplure_110_variant3.jpg,deeplure_saree_corpus,deeplure_110,deeplure_110_variant3.jpg,source_image_proxy,handloom_sarees,train,630,630,JPEG,RGB,pass,color_variant_3,True,HSV_Hue_+50deg_Sat_x1.20_ValGamma_0.95
data/raw\deeplure_corpus\sarees_dataset\handloom_sarees\img_65263.jpg,deeplure_saree_corpus,deeplure_111,img_65263.jpg,source_image_proxy,handloom_sarees,val,1368,1367,JPEG,RGB,pass,original,False,none
data/processed\variants\deeplure_111_variant1.jpg,deeplure_saree_corpus,deeplure_111,deeplure_111_variant1.jpg,source_image_proxy,handloom_sarees,val,1368,1367,JPEG,RGB,pass,color_variant_1,True,HSV_Hue_+120deg_Sat_x1.02
data/processed\variants\deeplure_111_variant2.jpg,deeplure_saree_corpus,deeplure_111,deeplure_111_variant2.jpg,source_image_proxy,handloom_sarees,val,1368,1367,JPEG,RGB,pass,color_variant_2,True,HSV_Hue_+240deg_Sat_x0.98
data/processed\variants\deeplure_111_variant3.jpg,deeplure_saree_corpus,deeplure_111,deeplure_111_variant3.jpg,source_image_proxy,handloom_sarees,val,1368,1367,JPEG,RGB,pass,color_variant_3,True,HSV_Hue_+50deg_Sat_x1.20_ValGamma_0.95
data/raw\deeplure_corpus\sarees_dataset\handloom_sarees\img_667809.jpg,deeplure_saree_corpus,deeplure_112,img_667809.jpg,source_image_proxy,handloom_sarees,train,874,874,JPEG,RGB,pass,original,False,none
data/processed\variants\deeplure_112_variant1.jpg,deeplure_saree_corpus,deeplure_112,deeplure_112_variant1.jpg,source_image_proxy,handloom_sarees,train,874,874,JPEG,RGB,pass,color_variant_1,True,HSV_Hue_+120deg_Sat_x1.02
data/processed\variants\deeplure_112_variant2.jpg,deeplure_saree_corpus,deeplure_112,deeplure_112_variant2.jpg,source_image_proxy,handloom_sarees,train,874,874,JPEG,RGB,pass,color_variant_2,True,HSV_Hue_+240deg_Sat_x0.98
data/processed\variants\deeplure_112_variant3.jpg,deeplure_saree_corpus,deeplure_112,deeplure_112_variant3.jpg,source_image_proxy,handloom_sarees,train,874,874,JPEG,RGB,pass,color_variant_3,True,HSV_Hue_+50deg_Sat_x1.20_ValGamma_0.95
data/raw\deeplure_corpus\sarees_dataset\handloom_sarees\img_669675.jpg,deeplure_saree_corpus,deeplure_113,img_669675.jpg,source_image_proxy,handloom_sarees,train,730,730,JPEG,RGB,pass,original,False,none
data/processed\variants\deeplure_113_variant1.jpg,deeplure_saree_corpus,deeplure_113,deeplure_113_variant1.jpg,source_image_proxy,handloom_sarees,train,730,730,JPEG,RGB,pass,color_variant_1,True,HSV_Hue_+120deg_Sat_x1.02
data/processed\variants\deeplure_113_variant2.jpg,deeplure_saree_corpus,deeplure_113,deeplure_113_variant2.jpg,source_image_proxy,handloom_sarees,train,730,730,JPEG,RGB,pass,color_variant_2,True,HSV_Hue_+240deg_Sat_x0.98
data/processed\variants\deeplure_113_variant3.jpg,deeplure_saree_corpus,deeplure_113,deeplure_113_variant3.jpg,source_image_proxy,handloom_sarees,train,730,730,JPEG,RGB,pass,color_variant_3,True,HSV_Hue_+50deg_Sat_x1.20_ValGamma_0.95
data/raw\deeplure_corpus\sarees_dataset\handloom_sarees\img_67123.jpg,deeplure_saree_corpus,deeplure_114,img_67123.jpg,source_image_proxy,handloom_sarees,val,908,907,JPEG,RGB,pass,original,False,none
data/processed\variants\deeplure_114_variant1.jpg,deeplure_saree_corpus,deeplure_114,deeplure_114_variant1.jpg,source_image_proxy,handloom_sarees,val,908,907,JPEG,RGB,pass,color_variant_1,True,HSV_Hue_+120deg_Sat_x1.02
data/processed\variants\deeplure_114_variant2.jpg,deeplure_saree_corpus,deeplure_114,deeplure_114_variant2.jpg,source_image_proxy,handloom_sarees,val,908,907,JPEG,RGB,pass,color_variant_2,True,HSV_Hue_+240deg_Sat_x0.98
data/processed\variants\deeplure_114_variant3.jpg,deeplure_saree_corpus,deeplure_114,deeplure_114_variant3.jpg,source_image_proxy,handloom_sarees,val,908,907,JPEG,RGB,pass,color_variant_3,True,HSV_Hue_+50deg_Sat_x1.20_ValGamma_0.95
data/raw\deeplure_corpus\sarees_dataset\handloom_sarees\img_677180.jpg,deeplure_saree_corpus,deeplure_115,img_677180.jpg,source_image_proxy,handloom_sarees,train,470,471,JPEG,RGB,pass,original,False,none
data/processed\variants\deeplure_115_variant1.jpg,deeplure_saree_corpus,deeplure_115,deeplure_115_variant1.jpg,source_image_proxy,handloom_sarees,train,470,471,JPEG,RGB,pass,color_variant_1,True,HSV_Hue_+120deg_Sat_x1.02
data/processed\variants\deeplure_115_variant2.jpg,deeplure_saree_corpus,deeplure_115,deeplure_115_variant2.jpg,source_image_proxy,handloom_sarees,train,470,471,JPEG,RGB,pass,color_variant_2,True,HSV_Hue_+240deg_Sat_x0.98
data/processed\variants\deeplure_115_variant3.jpg,deeplure_saree_corpus,deeplure_115,deeplure_115_variant3.jpg,source_image_proxy,handloom_sarees,train,470,471,JPEG,RGB,pass,color_variant_3,True,HSV_Hue_+50deg_Sat_x1.20_ValGamma_0.95
data/raw\deeplure_corpus\sarees_dataset\handloom_sarees\img_678178.jpg,deeplure_saree_corpus,deeplure_116,img_678178.jpg,source_image_proxy,handloom_sarees,train,1512,1512,JPEG,RGB,pass,original,False,none
data/processed\variants\deeplure_116_variant1.jpg,deeplure_saree_corpus,deeplure_116,deeplure_116_variant1.jpg,source_image_proxy,handloom_sarees,train,1512,1512,JPEG,RGB,pass,color_variant_1,True,HSV_Hue_+120deg_Sat_x1.02
data/processed\variants\deeplure_116_variant2.jpg,deeplure_saree_corpus,deeplure_116,deeplure_116_variant2.jpg,source_image_proxy,handloom_sarees,train,1512,1512,JPEG,RGB,pass,color_variant_2,True,HSV_Hue_+240deg_Sat_x0.98
data/processed\variants\deeplure_116_variant3.jpg,deeplure_saree_corpus,deeplure_116,deeplure_116_variant3.jpg,source_image_proxy,handloom_sarees,train,1512,1512,JPEG,RGB,pass,color_variant_3,True,HSV_Hue_+50deg_Sat_x1.20_ValGamma_0.95
data/raw\deeplure_corpus\sarees_dataset\handloom_sarees\img_678193.jpg,deeplure_saree_corpus,deeplure_117,img_678193.jpg,source_image_proxy,handloom_sarees,test,1367,1367,JPEG,RGB,pass,original,False,none
data/processed\variants\deeplure_117_variant1.jpg,deeplure_saree_corpus,deeplure_117,deeplure_117_variant1.jpg,source_image_proxy,handloom_sarees,test,1367,1367,JPEG,RGB,pass,color_variant_1,True,HSV_Hue_+120deg_Sat_x1.02
data/processed\variants\deeplure_117_variant2.jpg,deeplure_saree_corpus,deeplure_117,deeplure_117_variant2.jpg,source_image_proxy,handloom_sarees,test,1367,1367,JPEG,RGB,pass,color_variant_2,True,HSV_Hue_+240deg_Sat_x0.98
data/processed\variants\deeplure_117_variant3.jpg,deeplure_saree_corpus,deeplure_117,deeplure_117_variant3.jpg,source_image_proxy,handloom_sarees,test,1367,1367,JPEG,RGB,pass,color_variant_3,True,HSV_Hue_+50deg_Sat_x1.20_ValGamma_0.95
data/raw\deeplure_corpus\sarees_dataset\handloom_sarees\img_68235.jpg,deeplure_saree_corpus,deeplure_118,img_68235.jpg,source_image_proxy,handloom_sarees,train,1085,1086,JPEG,RGB,pass,original,False,none
data/processed\variants\deeplure_118_variant1.jpg,deeplure_saree_corpus,deeplure_118,deeplure_118_variant1.jpg,source_image_proxy,handloom_sarees,train,1085,1086,JPEG,RGB,pass,color_variant_1,True,HSV_Hue_+120deg_Sat_x1.02
data/processed\variants\deeplure_118_variant2.jpg,deeplure_saree_corpus,deeplure_118,deeplure_118_variant2.jpg,source_image_proxy,handloom_sarees,train,1085,1086,JPEG,RGB,pass,color_variant_2,True,HSV_Hue_+240deg_Sat_x0.98
data/processed\variants\deeplure_118_variant3.jpg,deeplure_saree_corpus,deeplure_118,deeplure_118_variant3.jpg,source_image_proxy,handloom_sarees,train,1085,1086,JPEG,RGB,pass,color_variant_3,True,HSV_Hue_+50deg_Sat_x1.20_ValGamma_0.95
data/raw\deeplure_corpus\sarees_dataset\handloom_sarees\img_688109.jpg,deeplure_saree_corpus,deeplure_119,img_688109.jpg,source_image_proxy,handloom_sarees,val,493,493,JPEG,RGB,pass,original,False,none
data/processed\variants\deeplure_119_variant1.jpg,deeplure_saree_corpus,deeplure_119,deeplure_119_variant1.jpg,source_image_proxy,handloom_sarees,val,493,493,JPEG,RGB,pass,color_variant_1,True,HSV_Hue_+120deg_Sat_x1.02
data/processed\variants\deeplure_119_variant2.jpg,deeplure_saree_corpus,deeplure_119,deeplure_119_variant2.jpg,source_image_proxy,handloom_sarees,val,493,493,JPEG,RGB,pass,color_variant_2,True,HSV_Hue_+240deg_Sat_x0.98
data/processed\variants\deeplure_119_variant3.jpg,deeplure_saree_corpus,deeplure_119,deeplure_119_variant3.jpg,source_image_proxy,handloom_sarees,val,493,493,JPEG,RGB,pass,color_variant_3,True,HSV_Hue_+50deg_Sat_x1.20_ValGamma_0.95
data/raw\deeplure_corpus\sarees_dataset\handloom_sarees\img_694883.jpg,deeplure_saree_corpus,deeplure_120,img_694883.jpg,source_image_proxy,handloom_sarees,train,1259,1260,JPEG,RGB,pass,original,False,none
data/processed\variants\deeplure_120_variant1.jpg,deeplure_saree_corpus,deeplure_120,deeplure_120_variant1.jpg,source_image_proxy,handloom_sarees,train,1259,1260,JPEG,RGB,pass,color_variant_1,True,HSV_Hue_+120deg_Sat_x1.02
data/processed\variants\deeplure_120_variant2.jpg,deeplure_saree_corpus,deeplure_120,deeplure_120_variant2.jpg,source_image_proxy,handloom_sarees,train,1259,1260,JPEG,RGB,pass,color_variant_2,True,HSV_Hue_+240deg_Sat_x0.98
data/processed\variants\deeplure_120_variant3.jpg,deeplure_saree_corpus,deeplure_120,deeplure_120_variant3.jpg,source_image_proxy,handloom_sarees,train,1259,1260,JPEG,RGB,pass,color_variant_3,True,HSV_Hue_+50deg_Sat_x1.20_ValGamma_0.95
data/raw\deeplure_corpus\sarees_dataset\handloom_sarees\img_710186.jpg,deeplure_saree_corpus,deeplure_121,img_710186.jpg,source_image_proxy,handloom_sarees,train,471,470,JPEG,RGB,pass,original,False,none
data/processed\variants\deeplure_121_variant1.jpg,deeplure_saree_corpus,deeplure_121,deeplure_121_variant1.jpg,source_image_proxy,handloom_sarees,train,471,470,JPEG,RGB,pass,color_variant_1,True,HSV_Hue_+120deg_Sat_x1.02
data/processed\variants\deeplure_121_variant2.jpg,deeplure_saree_corpus,deeplure_121,deeplure_121_variant2.jpg,source_image_proxy,handloom_sarees,train,471,470,JPEG,RGB,pass,color_variant_2,True,HSV_Hue_+240deg_Sat_x0.98
data/processed\variants\deeplure_121_variant3.jpg,deeplure_saree_corpus,deeplure_121,deeplure_121_variant3.jpg,source_image_proxy,handloom_sarees,train,471,470,JPEG,RGB,pass,color_variant_3,True,HSV_Hue_+50deg_Sat_x1.20_ValGamma_0.95
data/raw\deeplure_corpus\sarees_dataset\handloom_sarees\img_7150.jpg,deeplure_saree_corpus,deeplure_122,img_7150.jpg,source_image_proxy,handloom_sarees,test,485,486,JPEG,RGB,pass,original,False,none
data/processed\variants\deeplure_122_variant1.jpg,deeplure_saree_corpus,deeplure_122,deeplure_122_variant1.jpg,source_image_proxy,handloom_sarees,test,485,486,JPEG,RGB,pass,color_variant_1,True,HSV_Hue_+120deg_Sat_x1.02
data/processed\variants\deeplure_122_variant2.jpg,deeplure_saree_corpus,deeplure_122,deeplure_122_variant2.jpg,source_image_proxy,handloom_sarees,test,485,486,JPEG,RGB,pass,color_variant_2,True,HSV_Hue_+240deg_Sat_x0.98
data/processed\variants\deeplure_122_variant3.jpg,deeplure_saree_corpus,deeplure_122,deeplure_122_variant3.jpg,source_image_proxy,handloom_sarees,test,485,486,JPEG,RGB,pass,color_variant_3,True,HSV_Hue_+50deg_Sat_x1.20_ValGamma_0.95
data/raw\deeplure_corpus\sarees_dataset\handloom_sarees\img_718326.jpg,deeplure_saree_corpus,deeplure_123,img_718326.jpg,source_image_proxy,handloom_sarees,train,708,708,JPEG,RGB,pass,original,False,none
data/processed\variants\deeplure_123_variant1.jpg,deeplure_saree_corpus,deeplure_123,deeplure_123_variant1.jpg,source_image_proxy,handloom_sarees,train,708,708,JPEG,RGB,pass,color_variant_1,True,HSV_Hue_+120deg_Sat_x1.02
data/processed\variants\deeplure_123_variant2.jpg,deeplure_saree_corpus,deeplure_123,deeplure_123_variant2.jpg,source_image_proxy,handloom_sarees,train,708,708,JPEG,RGB,pass,color_variant_2,True,HSV_Hue_+240deg_Sat_x0.98
data/processed\variants\deeplure_123_variant3.jpg,deeplure_saree_corpus,deeplure_123,deeplure_123_variant3.jpg,source_image_proxy,handloom_sarees,train,708,708,JPEG,RGB,pass,color_variant_3,True,HSV_Hue_+50deg_Sat_x1.20_ValGamma_0.95
data/raw\deeplure_corpus\sarees_dataset\handloom_sarees\img_726717.jpg,deeplure_saree_corpus,deeplure_124,img_726717.jpg,source_image_proxy,handloom_sarees,train,582,581,JPEG,RGB,pass,original,False,none
data/processed\variants\deeplure_124_variant1.jpg,deeplure_saree_corpus,deeplure_124,deeplure_124_variant1.jpg,source_image_proxy,handloom_sarees,train,582,581,JPEG,RGB,pass,color_variant_1,True,HSV_Hue_+120deg_Sat_x1.02
data/processed\variants\deeplure_124_variant2.jpg,deeplure_saree_corpus,deeplure_124,deeplure_124_variant2.jpg,source_image_proxy,handloom_sarees,train,582,581,JPEG,RGB,pass,color_variant_2,True,HSV_Hue_+240deg_Sat_x0.98
data/processed\variants\deeplure_124_variant3.jpg,deeplure_saree_corpus,deeplure_124,deeplure_124_variant3.jpg,source_image_proxy,handloom_sarees,train,582,581,JPEG,RGB,pass,color_variant_3,True,HSV_Hue_+50deg_Sat_x1.20_ValGamma_0.95
data/raw\deeplure_corpus\sarees_dataset\handloom_sarees\img_738703.jpg,deeplure_saree_corpus,deeplure_125,img_738703.jpg,source_image_proxy,handloom_sarees,train,730,730,JPEG,RGB,pass,original,False,none
data/processed\variants\deeplure_125_variant1.jpg,deeplure_saree_corpus,deeplure_125,deeplure_125_variant1.jpg,source_image_proxy,handloom_sarees,train,730,730,JPEG,RGB,pass,color_variant_1,True,HSV_Hue_+120deg_Sat_x1.02
data/processed\variants\deeplure_125_variant2.jpg,deeplure_saree_corpus,deeplure_125,deeplure_125_variant2.jpg,source_image_proxy,handloom_sarees,train,730,730,JPEG,RGB,pass,color_variant_2,True,HSV_Hue_+240deg_Sat_x0.98
data/processed\variants\deeplure_125_variant3.jpg,deeplure_saree_corpus,deeplure_125,deeplure_125_variant3.jpg,source_image_proxy,handloom_sarees,train,730,730,JPEG,RGB,pass,color_variant_3,True,HSV_Hue_+50deg_Sat_x1.20_ValGamma_0.95
data/raw\deeplure_corpus\sarees_dataset\handloom_sarees\img_741740.jpg,deeplure_saree_corpus,deeplure_126,img_741740.jpg,source_image_proxy,handloom_sarees,val,631,631,JPEG,RGB,pass,original,False,none
data/processed\variants\deeplure_126_variant1.jpg,deeplure_saree_corpus,deeplure_126,deeplure_126_variant1.jpg,source_image_proxy,handloom_sarees,val,631,631,JPEG,RGB,pass,color_variant_1,True,HSV_Hue_+120deg_Sat_x1.02
data/processed\variants\deeplure_126_variant2.jpg,deeplure_saree_corpus,deeplure_126,deeplure_126_variant2.jpg,source_image_proxy,handloom_sarees,val,631,631,JPEG,RGB,pass,color_variant_2,True,HSV_Hue_+240deg_Sat_x0.98
data/processed\variants\deeplure_126_variant3.jpg,deeplure_saree_corpus,deeplure_126,deeplure_126_variant3.jpg,source_image_proxy,handloom_sarees,val,631,631,JPEG,RGB,pass,color_variant_3,True,HSV_Hue_+50deg_Sat_x1.20_ValGamma_0.95
data/raw\deeplure_corpus\sarees_dataset\handloom_sarees\img_744464.jpg,deeplure_saree_corpus,deeplure_127,img_744464.jpg,source_image_proxy,handloom_sarees,train,1185,1186,JPEG,RGB,pass,original,False,none
data/processed\variants\deeplure_127_variant1.jpg,deeplure_saree_corpus,deeplure_127,deeplure_127_variant1.jpg,source_image_proxy,handloom_sarees,train,1185,1186,JPEG,RGB,pass,color_variant_1,True,HSV_Hue_+120deg_Sat_x1.02
data/processed\variants\deeplure_127_variant2.jpg,deeplure_saree_corpus,deeplure_127,deeplure_127_variant2.jpg,source_image_proxy,handloom_sarees,train,1185,1186,JPEG,RGB,pass,color_variant_2,True,HSV_Hue_+240deg_Sat_x0.98
data/processed\variants\deeplure_127_variant3.jpg,deeplure_saree_corpus,deeplure_127,deeplure_127_variant3.jpg,source_image_proxy,handloom_sarees,train,1185,1186,JPEG,RGB,pass,color_variant_3,True,HSV_Hue_+50deg_Sat_x1.20_ValGamma_0.95
data/raw\deeplure_corpus\sarees_dataset\handloom_sarees\img_746861.jpg,deeplure_saree_corpus,deeplure_128,img_746861.jpg,source_image_proxy,handloom_sarees,val,494,493,JPEG,RGB,pass,original,False,none
data/processed\variants\deeplure_128_variant1.jpg,deeplure_saree_corpus,deeplure_128,deeplure_128_variant1.jpg,source_image_proxy,handloom_sarees,val,494,493,JPEG,RGB,pass,color_variant_1,True,HSV_Hue_+120deg_Sat_x1.02
data/processed\variants\deeplure_128_variant2.jpg,deeplure_saree_corpus,deeplure_128,deeplure_128_variant2.jpg,source_image_proxy,handloom_sarees,val,494,493,JPEG,RGB,pass,color_variant_2,True,HSV_Hue_+240deg_Sat_x0.98
data/processed\variants\deeplure_128_variant3.jpg,deeplure_saree_corpus,deeplure_128,deeplure_128_variant3.jpg,source_image_proxy,handloom_sarees,val,494,493,JPEG,RGB,pass,color_variant_3,True,HSV_Hue_+50deg_Sat_x1.20_ValGamma_0.95
data/raw\deeplure_corpus\sarees_dataset\handloom_sarees\img_748887.jpg,deeplure_saree_corpus,deeplure_129,img_748887.jpg,source_image_proxy,handloom_sarees,train,1186,1186,JPEG,RGB,pass,original,False,none
data/processed\variants\deeplure_129_variant1.jpg,deeplure_saree_corpus,deeplure_129,deeplure_129_variant1.jpg,source_image_proxy,handloom_sarees,train,1186,1186,JPEG,RGB,pass,color_variant_1,True,HSV_Hue_+120deg_Sat_x1.02
data/processed\variants\deeplure_129_variant2.jpg,deeplure_saree_corpus,deeplure_129,deeplure_129_variant2.jpg,source_image_proxy,handloom_sarees,train,1186,1186,JPEG,RGB,pass,color_variant_2,True,HSV_Hue_+240deg_Sat_x0.98
data/processed\variants\deeplure_129_variant3.jpg,deeplure_saree_corpus,deeplure_129,deeplure_129_variant3.jpg,source_image_proxy,handloom_sarees,train,1186,1186,JPEG,RGB,pass,color_variant_3,True,HSV_Hue_+50deg_Sat_x1.20_ValGamma_0.95
data/raw\deeplure_corpus\sarees_dataset\handloom_sarees\img_764354.jpg,deeplure_saree_corpus,deeplure_130,img_764354.jpg,source_image_proxy,handloom_sarees,test,985,985,JPEG,RGB,pass,original,False,none
data/processed\variants\deeplure_130_variant1.jpg,deeplure_saree_corpus,deeplure_130,deeplure_130_variant1.jpg,source_image_proxy,handloom_sarees,test,985,985,JPEG,RGB,pass,color_variant_1,True,HSV_Hue_+120deg_Sat_x1.02
data/processed\variants\deeplure_130_variant2.jpg,deeplure_saree_corpus,deeplure_130,deeplure_130_variant2.jpg,source_image_proxy,handloom_sarees,test,985,985,JPEG,RGB,pass,color_variant_2,True,HSV_Hue_+240deg_Sat_x0.98
data/processed\variants\deeplure_130_variant3.jpg,deeplure_saree_corpus,deeplure_130,deeplure_130_variant3.jpg,source_image_proxy,handloom_sarees,test,985,985,JPEG,RGB,pass,color_variant_3,True,HSV_Hue_+50deg_Sat_x1.20_ValGamma_0.95
data/raw\deeplure_corpus\sarees_dataset\handloom_sarees\img_770334.jpg,deeplure_saree_corpus,deeplure_131,img_770334.jpg,source_image_proxy,handloom_sarees,test,664,885,JPEG,RGB,pass,original,False,none
data/processed\variants\deeplure_131_variant1.jpg,deeplure_saree_corpus,deeplure_131,deeplure_131_variant1.jpg,source_image_proxy,handloom_sarees,test,664,885,JPEG,RGB,pass,color_variant_1,True,HSV_Hue_+120deg_Sat_x1.02
data/processed\variants\deeplure_131_variant2.jpg,deeplure_saree_corpus,deeplure_131,deeplure_131_variant2.jpg,source_image_proxy,handloom_sarees,test,664,885,JPEG,RGB,pass,color_variant_2,True,HSV_Hue_+240deg_Sat_x0.98
data/processed\variants\deeplure_131_variant3.jpg,deeplure_saree_corpus,deeplure_131,deeplure_131_variant3.jpg,source_image_proxy,handloom_sarees,test,664,885,JPEG,RGB,pass,color_variant_3,True,HSV_Hue_+50deg_Sat_x1.20_ValGamma_0.95
data/raw\deeplure_corpus\sarees_dataset\handloom_sarees\img_776505.jpg,deeplure_saree_corpus,deeplure_132,img_776505.jpg,source_image_proxy,handloom_sarees,train,581,582,JPEG,RGB,pass,original,False,none
data/processed\variants\deeplure_132_variant1.jpg,deeplure_saree_corpus,deeplure_132,deeplure_132_variant1.jpg,source_image_proxy,handloom_sarees,train,581,582,JPEG,RGB,pass,color_variant_1,True,HSV_Hue_+120deg_Sat_x1.02
data/processed\variants\deeplure_132_variant2.jpg,deeplure_saree_corpus,deeplure_132,deeplure_132_variant2.jpg,source_image_proxy,handloom_sarees,train,581,582,JPEG,RGB,pass,color_variant_2,True,HSV_Hue_+240deg_Sat_x0.98
data/processed\variants\deeplure_132_variant3.jpg,deeplure_saree_corpus,deeplure_132,deeplure_132_variant3.jpg,source_image_proxy,handloom_sarees,train,581,582,JPEG,RGB,pass,color_variant_3,True,HSV_Hue_+50deg_Sat_x1.20_ValGamma_0.95
data/raw\deeplure_corpus\sarees_dataset\handloom_sarees\img_789127.jpg,deeplure_saree_corpus,deeplure_133,img_789127.jpg,source_image_proxy,handloom_sarees,train,1259,1259,JPEG,RGB,pass,original,False,none
data/processed\variants\deeplure_133_variant1.jpg,deeplure_saree_corpus,deeplure_133,deeplure_133_variant1.jpg,source_image_proxy,handloom_sarees,train,1259,1259,JPEG,RGB,pass,color_variant_1,True,HSV_Hue_+120deg_Sat_x1.02
data/processed\variants\deeplure_133_variant2.jpg,deeplure_saree_corpus,deeplure_133,deeplure_133_variant2.jpg,source_image_proxy,handloom_sarees,train,1259,1259,JPEG,RGB,pass,color_variant_2,True,HSV_Hue_+240deg_Sat_x0.98
data/processed\variants\deeplure_133_variant3.jpg,deeplure_saree_corpus,deeplure_133,deeplure_133_variant3.jpg,source_image_proxy,handloom_sarees,train,1259,1259,JPEG,RGB,pass,color_variant_3,True,HSV_Hue_+50deg_Sat_x1.20_ValGamma_0.95
data/raw\deeplure_corpus\sarees_dataset\handloom_sarees\img_801823.jpg,deeplure_saree_corpus,deeplure_134,img_801823.jpg,source_image_proxy,handloom_sarees,train,664,886,JPEG,RGB,pass,original,False,none
data/processed\variants\deeplure_134_variant1.jpg,deeplure_saree_corpus,deeplure_134,deeplure_134_variant1.jpg,source_image_proxy,handloom_sarees,train,664,886,JPEG,RGB,pass,color_variant_1,True,HSV_Hue_+120deg_Sat_x1.02
data/processed\variants\deeplure_134_variant2.jpg,deeplure_saree_corpus,deeplure_134,deeplure_134_variant2.jpg,source_image_proxy,handloom_sarees,train,664,886,JPEG,RGB,pass,color_variant_2,True,HSV_Hue_+240deg_Sat_x0.98
data/processed\variants\deeplure_134_variant3.jpg,deeplure_saree_corpus,deeplure_134,deeplure_134_variant3.jpg,source_image_proxy,handloom_sarees,train,664,886,JPEG,RGB,pass,color_variant_3,True,HSV_Hue_+50deg_Sat_x1.20_ValGamma_0.95
data/raw\deeplure_corpus\sarees_dataset\handloom_sarees\img_804542.jpg,deeplure_saree_corpus,deeplure_135,img_804542.jpg,source_image_proxy,handloom_sarees,train,641,641,JPEG,RGB,pass,original,False,none
data/processed\variants\deeplure_135_variant1.jpg,deeplure_saree_corpus,deeplure_135,deeplure_135_variant1.jpg,source_image_proxy,handloom_sarees,train,641,641,JPEG,RGB,pass,color_variant_1,True,HSV_Hue_+120deg_Sat_x1.02
data/processed\variants\deeplure_135_variant2.jpg,deeplure_saree_corpus,deeplure_135,deeplure_135_variant2.jpg,source_image_proxy,handloom_sarees,train,641,641,JPEG,RGB,pass,color_variant_2,True,HSV_Hue_+240deg_Sat_x0.98
data/processed\variants\deeplure_135_variant3.jpg,deeplure_saree_corpus,deeplure_135,deeplure_135_variant3.jpg,source_image_proxy,handloom_sarees,train,641,641,JPEG,RGB,pass,color_variant_3,True,HSV_Hue_+50deg_Sat_x1.20_ValGamma_0.95
data/raw\deeplure_corpus\sarees_dataset\handloom_sarees\img_808059.jpg,deeplure_saree_corpus,deeplure_136,img_808059.jpg,source_image_proxy,handloom_sarees,train,227,227,JPEG,RGB,pass,original,False,none
data/processed\variants\deeplure_136_variant1.jpg,deeplure_saree_corpus,deeplure_136,deeplure_136_variant1.jpg,source_image_proxy,handloom_sarees,train,227,227,JPEG,RGB,pass,color_variant_1,True,HSV_Hue_+120deg_Sat_x1.02
data/processed\variants\deeplure_136_variant2.jpg,deeplure_saree_corpus,deeplure_136,deeplure_136_variant2.jpg,source_image_proxy,handloom_sarees,train,227,227,JPEG,RGB,pass,color_variant_2,True,HSV_Hue_+240deg_Sat_x0.98
data/processed\variants\deeplure_136_variant3.jpg,deeplure_saree_corpus,deeplure_136,deeplure_136_variant3.jpg,source_image_proxy,handloom_sarees,train,227,227,JPEG,RGB,pass,color_variant_3,True,HSV_Hue_+50deg_Sat_x1.20_ValGamma_0.95
data/raw\deeplure_corpus\sarees_dataset\handloom_sarees\img_82256.jpg,deeplure_saree_corpus,deeplure_137,img_82256.jpg,source_image_proxy,handloom_sarees,test,1368,1367,JPEG,RGB,pass,original,False,none
data/processed\variants\deeplure_137_variant1.jpg,deeplure_saree_corpus,deeplure_137,deeplure_137_variant1.jpg,source_image_proxy,handloom_sarees,test,1368,1367,JPEG,RGB,pass,color_variant_1,True,HSV_Hue_+120deg_Sat_x1.02
data/processed\variants\deeplure_137_variant2.jpg,deeplure_saree_corpus,deeplure_137,deeplure_137_variant2.jpg,source_image_proxy,handloom_sarees,test,1368,1367,JPEG,RGB,pass,color_variant_2,True,HSV_Hue_+240deg_Sat_x0.98
data/processed\variants\deeplure_137_variant3.jpg,deeplure_saree_corpus,deeplure_137,deeplure_137_variant3.jpg,source_image_proxy,handloom_sarees,test,1368,1367,JPEG,RGB,pass,color_variant_3,True,HSV_Hue_+50deg_Sat_x1.20_ValGamma_0.95
data/raw\deeplure_corpus\sarees_dataset\handloom_sarees\img_822729.jpg,deeplure_saree_corpus,deeplure_138,img_822729.jpg,source_image_proxy,handloom_sarees,train,581,581,JPEG,RGB,pass,original,False,none
data/processed\variants\deeplure_138_variant1.jpg,deeplure_saree_corpus,deeplure_138,deeplure_138_variant1.jpg,source_image_proxy,handloom_sarees,train,581,581,JPEG,RGB,pass,color_variant_1,True,HSV_Hue_+120deg_Sat_x1.02
data/processed\variants\deeplure_138_variant2.jpg,deeplure_saree_corpus,deeplure_138,deeplure_138_variant2.jpg,source_image_proxy,handloom_sarees,train,581,581,JPEG,RGB,pass,color_variant_2,True,HSV_Hue_+240deg_Sat_x0.98
data/processed\variants\deeplure_138_variant3.jpg,deeplure_saree_corpus,deeplure_138,deeplure_138_variant3.jpg,source_image_proxy,handloom_sarees,train,581,581,JPEG,RGB,pass,color_variant_3,True,HSV_Hue_+50deg_Sat_x1.20_ValGamma_0.95
data/raw\deeplure_corpus\sarees_dataset\handloom_sarees\img_828414.jpg,deeplure_saree_corpus,deeplure_139,img_828414.jpg,source_image_proxy,handloom_sarees,train,589,589,JPEG,RGB,pass,original,False,none
data/processed\variants\deeplure_139_variant1.jpg,deeplure_saree_corpus,deeplure_139,deeplure_139_variant1.jpg,source_image_proxy,handloom_sarees,train,589,589,JPEG,RGB,pass,color_variant_1,True,HSV_Hue_+120deg_Sat_x1.02
data/processed\variants\deeplure_139_variant2.jpg,deeplure_saree_corpus,deeplure_139,deeplure_139_variant2.jpg,source_image_proxy,handloom_sarees,train,589,589,JPEG,RGB,pass,color_variant_2,True,HSV_Hue_+240deg_Sat_x0.98
data/processed\variants\deeplure_139_variant3.jpg,deeplure_saree_corpus,deeplure_139,deeplure_139_variant3.jpg,source_image_proxy,handloom_sarees,train,589,589,JPEG,RGB,pass,color_variant_3,True,HSV_Hue_+50deg_Sat_x1.20_ValGamma_0.95
data/raw\deeplure_corpus\sarees_dataset\handloom_sarees\img_834923.jpg,deeplure_saree_corpus,deeplure_140,img_834923.jpg,source_image_proxy,handloom_sarees,train,1375,1376,JPEG,RGB,pass,original,False,none
data/processed\variants\deeplure_140_variant1.jpg,deeplure_saree_corpus,deeplure_140,deeplure_140_variant1.jpg,source_image_proxy,handloom_sarees,train,1375,1376,JPEG,RGB,pass,color_variant_1,True,HSV_Hue_+120deg_Sat_x1.02
data/processed\variants\deeplure_140_variant2.jpg,deeplure_saree_corpus,deeplure_140,deeplure_140_variant2.jpg,source_image_proxy,handloom_sarees,train,1375,1376,JPEG,RGB,pass,color_variant_2,True,HSV_Hue_+240deg_Sat_x0.98
data/processed\variants\deeplure_140_variant3.jpg,deeplure_saree_corpus,deeplure_140,deeplure_140_variant3.jpg,source_image_proxy,handloom_sarees,train,1375,1376,JPEG,RGB,pass,color_variant_3,True,HSV_Hue_+50deg_Sat_x1.20_ValGamma_0.95
data/raw\deeplure_corpus\sarees_dataset\handloom_sarees\img_845893.jpg,deeplure_saree_corpus,deeplure_141,img_845893.jpg,source_image_proxy,handloom_sarees,test,610,610,JPEG,RGB,pass,original,False,none
data/processed\variants\deeplure_141_variant1.jpg,deeplure_saree_corpus,deeplure_141,deeplure_141_variant1.jpg,source_image_proxy,handloom_sarees,test,610,610,JPEG,RGB,pass,color_variant_1,True,HSV_Hue_+120deg_Sat_x1.02
data/processed\variants\deeplure_141_variant2.jpg,deeplure_saree_corpus,deeplure_141,deeplure_141_variant2.jpg,source_image_proxy,handloom_sarees,test,610,610,JPEG,RGB,pass,color_variant_2,True,HSV_Hue_+240deg_Sat_x0.98
data/processed\variants\deeplure_141_variant3.jpg,deeplure_saree_corpus,deeplure_141,deeplure_141_variant3.jpg,source_image_proxy,handloom_sarees,test,610,610,JPEG,RGB,pass,color_variant_3,True,HSV_Hue_+50deg_Sat_x1.20_ValGamma_0.95
data/raw\deeplure_corpus\sarees_dataset\handloom_sarees\img_85121.jpg,deeplure_saree_corpus,deeplure_142,img_85121.jpg,source_image_proxy,handloom_sarees,train,590,589,JPEG,RGB,pass,original,False,none
data/processed\variants\deeplure_142_variant1.jpg,deeplure_saree_corpus,deeplure_142,deeplure_142_variant1.jpg,source_image_proxy,handloom_sarees,train,590,589,JPEG,RGB,pass,color_variant_1,True,HSV_Hue_+120deg_Sat_x1.02
data/processed\variants\deeplure_142_variant2.jpg,deeplure_saree_corpus,deeplure_142,deeplure_142_variant2.jpg,source_image_proxy,handloom_sarees,train,590,589,JPEG,RGB,pass,color_variant_2,True,HSV_Hue_+240deg_Sat_x0.98
data/processed\variants\deeplure_142_variant3.jpg,deeplure_saree_corpus,deeplure_142,deeplure_142_variant3.jpg,source_image_proxy,handloom_sarees,train,590,589,JPEG,RGB,pass,color_variant_3,True,HSV_Hue_+50deg_Sat_x1.20_ValGamma_0.95
data/raw\deeplure_corpus\sarees_dataset\handloom_sarees\img_86754.jpg,deeplure_saree_corpus,deeplure_143,img_86754.jpg,source_image_proxy,handloom_sarees,train,553,553,JPEG,RGB,pass,original,False,none
data/processed\variants\deeplure_143_variant1.jpg,deeplure_saree_corpus,deeplure_143,deeplure_143_variant1.jpg,source_image_proxy,handloom_sarees,train,553,553,JPEG,RGB,pass,color_variant_1,True,HSV_Hue_+120deg_Sat_x1.02
data/processed\variants\deeplure_143_variant2.jpg,deeplure_saree_corpus,deeplure_143,deeplure_143_variant2.jpg,source_image_proxy,handloom_sarees,train,553,553,JPEG,RGB,pass,color_variant_2,True,HSV_Hue_+240deg_Sat_x0.98
data/processed\variants\deeplure_143_variant3.jpg,deeplure_saree_corpus,deeplure_143,deeplure_143_variant3.jpg,source_image_proxy,handloom_sarees,train,553,553,JPEG,RGB,pass,color_variant_3,True,HSV_Hue_+50deg_Sat_x1.20_ValGamma_0.95
data/raw\deeplure_corpus\sarees_dataset\handloom_sarees\img_874118.jpg,deeplure_saree_corpus,deeplure_144,img_874118.jpg,source_image_proxy,handloom_sarees,test,708,707,JPEG,RGB,pass,original,False,none
data/processed\variants\deeplure_144_variant1.jpg,deeplure_saree_corpus,deeplure_144,deeplure_144_variant1.jpg,source_image_proxy,handloom_sarees,test,708,707,JPEG,RGB,pass,color_variant_1,True,HSV_Hue_+120deg_Sat_x1.02
data/processed\variants\deeplure_144_variant2.jpg,deeplure_saree_corpus,deeplure_144,deeplure_144_variant2.jpg,source_image_proxy,handloom_sarees,test,708,707,JPEG,RGB,pass,color_variant_2,True,HSV_Hue_+240deg_Sat_x0.98
data/processed\variants\deeplure_144_variant3.jpg,deeplure_saree_corpus,deeplure_144,deeplure_144_variant3.jpg,source_image_proxy,handloom_sarees,test,708,707,JPEG,RGB,pass,color_variant_3,True,HSV_Hue_+50deg_Sat_x1.20_ValGamma_0.95
data/raw\deeplure_corpus\sarees_dataset\handloom_sarees\img_881252.jpg,deeplure_saree_corpus,deeplure_145,img_881252.jpg,source_image_proxy,handloom_sarees,train,874,875,JPEG,RGB,pass,original,False,none
data/processed\variants\deeplure_145_variant1.jpg,deeplure_saree_corpus,deeplure_145,deeplure_145_variant1.jpg,source_image_proxy,handloom_sarees,train,874,875,JPEG,RGB,pass,color_variant_1,True,HSV_Hue_+120deg_Sat_x1.02
data/processed\variants\deeplure_145_variant2.jpg,deeplure_saree_corpus,deeplure_145,deeplure_145_variant2.jpg,source_image_proxy,handloom_sarees,train,874,875,JPEG,RGB,pass,color_variant_2,True,HSV_Hue_+240deg_Sat_x0.98
data/processed\variants\deeplure_145_variant3.jpg,deeplure_saree_corpus,deeplure_145,deeplure_145_variant3.jpg,source_image_proxy,handloom_sarees,train,874,875,JPEG,RGB,pass,color_variant_3,True,HSV_Hue_+50deg_Sat_x1.20_ValGamma_0.95
data/raw\deeplure_corpus\sarees_dataset\handloom_sarees\img_884336.jpg,deeplure_saree_corpus,deeplure_146,img_884336.jpg,source_image_proxy,handloom_sarees,train,1512,1512,JPEG,RGB,pass,original,False,none
data/processed\variants\deeplure_146_variant1.jpg,deeplure_saree_corpus,deeplure_146,deeplure_146_variant1.jpg,source_image_proxy,handloom_sarees,train,1512,1512,JPEG,RGB,pass,color_variant_1,True,HSV_Hue_+120deg_Sat_x1.02
data/processed\variants\deeplure_146_variant2.jpg,deeplure_saree_corpus,deeplure_146,deeplure_146_variant2.jpg,source_image_proxy,handloom_sarees,train,1512,1512,JPEG,RGB,pass,color_variant_2,True,HSV_Hue_+240deg_Sat_x0.98
data/processed\variants\deeplure_146_variant3.jpg,deeplure_saree_corpus,deeplure_146,deeplure_146_variant3.jpg,source_image_proxy,handloom_sarees,train,1512,1512,JPEG,RGB,pass,color_variant_3,True,HSV_Hue_+50deg_Sat_x1.20_ValGamma_0.95
data/raw\deeplure_corpus\sarees_dataset\handloom_sarees\img_889324.jpg,deeplure_saree_corpus,deeplure_147,img_889324.jpg,source_image_proxy,handloom_sarees,train,567,567,JPEG,RGB,pass,original,False,none
data/processed\variants\deeplure_147_variant1.jpg,deeplure_saree_corpus,deeplure_147,deeplure_147_variant1.jpg,source_image_proxy,handloom_sarees,train,567,567,JPEG,RGB,pass,color_variant_1,True,HSV_Hue_+120deg_Sat_x1.02
data/processed\variants\deeplure_147_variant2.jpg,deeplure_saree_corpus,deeplure_147,deeplure_147_variant2.jpg,source_image_proxy,handloom_sarees,train,567,567,JPEG,RGB,pass,color_variant_2,True,HSV_Hue_+240deg_Sat_x0.98
data/processed\variants\deeplure_147_variant3.jpg,deeplure_saree_corpus,deeplure_147,deeplure_147_variant3.jpg,source_image_proxy,handloom_sarees,train,567,567,JPEG,RGB,pass,color_variant_3,True,HSV_Hue_+50deg_Sat_x1.20_ValGamma_0.95
data/raw\deeplure_corpus\sarees_dataset\handloom_sarees\img_892336.jpg,deeplure_saree_corpus,deeplure_148,img_892336.jpg,source_image_proxy,handloom_sarees,val,589,589,JPEG,RGB,pass,original,False,none
data/processed\variants\deeplure_148_variant1.jpg,deeplure_saree_corpus,deeplure_148,deeplure_148_variant1.jpg,source_image_proxy,handloom_sarees,val,589,589,JPEG,RGB,pass,color_variant_1,True,HSV_Hue_+120deg_Sat_x1.02
data/processed\variants\deeplure_148_variant2.jpg,deeplure_saree_corpus,deeplure_148,deeplure_148_variant2.jpg,source_image_proxy,handloom_sarees,val,589,589,JPEG,RGB,pass,color_variant_2,True,HSV_Hue_+240deg_Sat_x0.98
data/processed\variants\deeplure_148_variant3.jpg,deeplure_saree_corpus,deeplure_148,deeplure_148_variant3.jpg,source_image_proxy,handloom_sarees,val,589,589,JPEG,RGB,pass,color_variant_3,True,HSV_Hue_+50deg_Sat_x1.20_ValGamma_0.95
data/raw\deeplure_corpus\sarees_dataset\handloom_sarees\img_895368.jpg,deeplure_saree_corpus,deeplure_149,img_895368.jpg,source_image_proxy,handloom_sarees,val,641,641,JPEG,RGB,pass,original,False,none
data/processed\variants\deeplure_149_variant1.jpg,deeplure_saree_corpus,deeplure_149,deeplure_149_variant1.jpg,source_image_proxy,handloom_sarees,val,641,641,JPEG,RGB,pass,color_variant_1,True,HSV_Hue_+120deg_Sat_x1.02
data/processed\variants\deeplure_149_variant2.jpg,deeplure_saree_corpus,deeplure_149,deeplure_149_variant2.jpg,source_image_proxy,handloom_sarees,val,641,641,JPEG,RGB,pass,color_variant_2,True,HSV_Hue_+240deg_Sat_x0.98
data/processed\variants\deeplure_149_variant3.jpg,deeplure_saree_corpus,deeplure_149,deeplure_149_variant3.jpg,source_image_proxy,handloom_sarees,val,641,641,JPEG,RGB,pass,color_variant_3,True,HSV_Hue_+50deg_Sat_x1.20_ValGamma_0.95
data/raw\deeplure_corpus\sarees_dataset\handloom_sarees\img_897203.jpg,deeplure_saree_corpus,deeplure_150,img_897203.jpg,source_image_proxy,handloom_sarees,test,553,553,JPEG,RGB,pass,original,False,none
data/processed\variants\deeplure_150_variant1.jpg,deeplure_saree_corpus,deeplure_150,deeplure_150_variant1.jpg,source_image_proxy,handloom_sarees,test,553,553,JPEG,RGB,pass,color_variant_1,True,HSV_Hue_+120deg_Sat_x1.02
data/processed\variants\deeplure_150_variant2.jpg,deeplure_saree_corpus,deeplure_150,deeplure_150_variant2.jpg,source_image_proxy,handloom_sarees,test,553,553,JPEG,RGB,pass,color_variant_2,True,HSV_Hue_+240deg_Sat_x0.98
data/processed\variants\deeplure_150_variant3.jpg,deeplure_saree_corpus,deeplure_150,deeplure_150_variant3.jpg,source_image_proxy,handloom_sarees,test,553,553,JPEG,RGB,pass,color_variant_3,True,HSV_Hue_+50deg_Sat_x1.20_ValGamma_0.95
data/raw\deeplure_corpus\sarees_dataset\handloom_sarees\img_90832.jpg,deeplure_saree_corpus,deeplure_151,img_90832.jpg,source_image_proxy,handloom_sarees,test,1260,1260,JPEG,RGB,pass,original,False,none
data/processed\variants\deeplure_151_variant1.jpg,deeplure_saree_corpus,deeplure_151,deeplure_151_variant1.jpg,source_image_proxy,handloom_sarees,test,1260,1260,JPEG,RGB,pass,color_variant_1,True,HSV_Hue_+120deg_Sat_x1.02
data/processed\variants\deeplure_151_variant2.jpg,deeplure_saree_corpus,deeplure_151,deeplure_151_variant2.jpg,source_image_proxy,handloom_sarees,test,1260,1260,JPEG,RGB,pass,color_variant_2,True,HSV_Hue_+240deg_Sat_x0.98
data/processed\variants\deeplure_151_variant3.jpg,deeplure_saree_corpus,deeplure_151,deeplure_151_variant3.jpg,source_image_proxy,handloom_sarees,test,1260,1260,JPEG,RGB,pass,color_variant_3,True,HSV_Hue_+50deg_Sat_x1.20_ValGamma_0.95
data/raw\deeplure_corpus\sarees_dataset\handloom_sarees\img_915919.jpg,deeplure_saree_corpus,deeplure_152,img_915919.jpg,source_image_proxy,handloom_sarees,test,875,875,JPEG,RGB,pass,original,False,none
data/processed\variants\deeplure_152_variant1.jpg,deeplure_saree_corpus,deeplure_152,deeplure_152_variant1.jpg,source_image_proxy,handloom_sarees,test,875,875,JPEG,RGB,pass,color_variant_1,True,HSV_Hue_+120deg_Sat_x1.02
data/processed\variants\deeplure_152_variant2.jpg,deeplure_saree_corpus,deeplure_152,deeplure_152_variant2.jpg,source_image_proxy,handloom_sarees,test,875,875,JPEG,RGB,pass,color_variant_2,True,HSV_Hue_+240deg_Sat_x0.98
data/processed\variants\deeplure_152_variant3.jpg,deeplure_saree_corpus,deeplure_152,deeplure_152_variant3.jpg,source_image_proxy,handloom_sarees,test,875,875,JPEG,RGB,pass,color_variant_3,True,HSV_Hue_+50deg_Sat_x1.20_ValGamma_0.95
data/raw\deeplure_corpus\sarees_dataset\handloom_sarees\img_917853.jpg,deeplure_saree_corpus,deeplure_153,img_917853.jpg,source_image_proxy,handloom_sarees,val,708,708,JPEG,RGB,pass,original,False,none
data/processed\variants\deeplure_153_variant1.jpg,deeplure_saree_corpus,deeplure_153,deeplure_153_variant1.jpg,source_image_proxy,handloom_sarees,val,708,708,JPEG,RGB,pass,color_variant_1,True,HSV_Hue_+120deg_Sat_x1.02
data/processed\variants\deeplure_153_variant2.jpg,deeplure_saree_corpus,deeplure_153,deeplure_153_variant2.jpg,source_image_proxy,handloom_sarees,val,708,708,JPEG,RGB,pass,color_variant_2,True,HSV_Hue_+240deg_Sat_x0.98
data/processed\variants\deeplure_153_variant3.jpg,deeplure_saree_corpus,deeplure_153,deeplure_153_variant3.jpg,source_image_proxy,handloom_sarees,val,708,708,JPEG,RGB,pass,color_variant_3,True,HSV_Hue_+50deg_Sat_x1.20_ValGamma_0.95
data/raw\deeplure_corpus\sarees_dataset\handloom_sarees\img_927463.jpg,deeplure_saree_corpus,deeplure_154,img_927463.jpg,source_image_proxy,handloom_sarees,train,641,641,JPEG,RGB,pass,original,False,none
data/processed\variants\deeplure_154_variant1.jpg,deeplure_saree_corpus,deeplure_154,deeplure_154_variant1.jpg,source_image_proxy,handloom_sarees,train,641,641,JPEG,RGB,pass,color_variant_1,True,HSV_Hue_+120deg_Sat_x1.02
data/processed\variants\deeplure_154_variant2.jpg,deeplure_saree_corpus,deeplure_154,deeplure_154_variant2.jpg,source_image_proxy,handloom_sarees,train,641,641,JPEG,RGB,pass,color_variant_2,True,HSV_Hue_+240deg_Sat_x0.98
data/processed\variants\deeplure_154_variant3.jpg,deeplure_saree_corpus,deeplure_154,deeplure_154_variant3.jpg,source_image_proxy,handloom_sarees,train,641,641,JPEG,RGB,pass,color_variant_3,True,HSV_Hue_+50deg_Sat_x1.20_ValGamma_0.95
data/raw\deeplure_corpus\sarees_dataset\handloom_sarees\img_927947.jpg,deeplure_saree_corpus,deeplure_155,img_927947.jpg,source_image_proxy,handloom_sarees,train,908,907,JPEG,RGB,pass,original,False,none
data/processed\variants\deeplure_155_variant1.jpg,deeplure_saree_corpus,deeplure_155,deeplure_155_variant1.jpg,source_image_proxy,handloom_sarees,train,908,907,JPEG,RGB,pass,color_variant_1,True,HSV_Hue_+120deg_Sat_x1.02
data/processed\variants\deeplure_155_variant2.jpg,deeplure_saree_corpus,deeplure_155,deeplure_155_variant2.jpg,source_image_proxy,handloom_sarees,train,908,907,JPEG,RGB,pass,color_variant_2,True,HSV_Hue_+240deg_Sat_x0.98
data/processed\variants\deeplure_155_variant3.jpg,deeplure_saree_corpus,deeplure_155,deeplure_155_variant3.jpg,source_image_proxy,handloom_sarees,train,908,907,JPEG,RGB,pass,color_variant_3,True,HSV_Hue_+50deg_Sat_x1.20_ValGamma_0.95
data/raw\deeplure_corpus\sarees_dataset\handloom_sarees\img_94825.jpg,deeplure_saree_corpus,deeplure_156,img_94825.jpg,source_image_proxy,handloom_sarees,test,662,662,JPEG,RGB,pass,original,False,none
data/processed\variants\deeplure_156_variant1.jpg,deeplure_saree_corpus,deeplure_156,deeplure_156_variant1.jpg,source_image_proxy,handloom_sarees,test,662,662,JPEG,RGB,pass,color_variant_1,True,HSV_Hue_+120deg_Sat_x1.02
data/processed\variants\deeplure_156_variant2.jpg,deeplure_saree_corpus,deeplure_156,deeplure_156_variant2.jpg,source_image_proxy,handloom_sarees,test,662,662,JPEG,RGB,pass,color_variant_2,True,HSV_Hue_+240deg_Sat_x0.98
data/processed\variants\deeplure_156_variant3.jpg,deeplure_saree_corpus,deeplure_156,deeplure_156_variant3.jpg,source_image_proxy,handloom_sarees,test,662,662,JPEG,RGB,pass,color_variant_3,True,HSV_Hue_+50deg_Sat_x1.20_ValGamma_0.95
data/raw\deeplure_corpus\sarees_dataset\handloom_sarees\img_955789.jpg,deeplure_saree_corpus,deeplure_157,img_955789.jpg,source_image_proxy,handloom_sarees,train,641,641,JPEG,RGB,pass,original,False,none
data/processed\variants\deeplure_157_variant1.jpg,deeplure_saree_corpus,deeplure_157,deeplure_157_variant1.jpg,source_image_proxy,handloom_sarees,train,641,641,JPEG,RGB,pass,color_variant_1,True,HSV_Hue_+120deg_Sat_x1.02
data/processed\variants\deeplure_157_variant2.jpg,deeplure_saree_corpus,deeplure_157,deeplure_157_variant2.jpg,source_image_proxy,handloom_sarees,train,641,641,JPEG,RGB,pass,color_variant_2,True,HSV_Hue_+240deg_Sat_x0.98
data/processed\variants\deeplure_157_variant3.jpg,deeplure_saree_corpus,deeplure_157,deeplure_157_variant3.jpg,source_image_proxy,handloom_sarees,train,641,641,JPEG,RGB,pass,color_variant_3,True,HSV_Hue_+50deg_Sat_x1.20_ValGamma_0.95
data/raw\deeplure_corpus\sarees_dataset\handloom_sarees\img_960789.jpg,deeplure_saree_corpus,deeplure_158,img_960789.jpg,source_image_proxy,handloom_sarees,val,1512,1512,JPEG,RGB,pass,original,False,none
data/processed\variants\deeplure_158_variant1.jpg,deeplure_saree_corpus,deeplure_158,deeplure_158_variant1.jpg,source_image_proxy,handloom_sarees,val,1512,1512,JPEG,RGB,pass,color_variant_1,True,HSV_Hue_+120deg_Sat_x1.02
data/processed\variants\deeplure_158_variant2.jpg,deeplure_saree_corpus,deeplure_158,deeplure_158_variant2.jpg,source_image_proxy,handloom_sarees,val,1512,1512,JPEG,RGB,pass,color_variant_2,True,HSV_Hue_+240deg_Sat_x0.98
data/processed\variants\deeplure_158_variant3.jpg,deeplure_saree_corpus,deeplure_158,deeplure_158_variant3.jpg,source_image_proxy,handloom_sarees,val,1512,1512,JPEG,RGB,pass,color_variant_3,True,HSV_Hue_+50deg_Sat_x1.20_ValGamma_0.95
data/raw\deeplure_corpus\sarees_dataset\handloom_sarees\img_961476.jpg,deeplure_saree_corpus,deeplure_159,img_961476.jpg,source_image_proxy,handloom_sarees,train,986,986,JPEG,RGB,pass,original,False,none
data/processed\variants\deeplure_159_variant1.jpg,deeplure_saree_corpus,deeplure_159,deeplure_159_variant1.jpg,source_image_proxy,handloom_sarees,train,986,986,JPEG,RGB,pass,color_variant_1,True,HSV_Hue_+120deg_Sat_x1.02
data/processed\variants\deeplure_159_variant2.jpg,deeplure_saree_corpus,deeplure_159,deeplure_159_variant2.jpg,source_image_proxy,handloom_sarees,train,986,986,JPEG,RGB,pass,color_variant_2,True,HSV_Hue_+240deg_Sat_x0.98
data/processed\variants\deeplure_159_variant3.jpg,deeplure_saree_corpus,deeplure_159,deeplure_159_variant3.jpg,source_image_proxy,handloom_sarees,train,986,986,JPEG,RGB,pass,color_variant_3,True,HSV_Hue_+50deg_Sat_x1.20_ValGamma_0.95
data/raw\deeplure_corpus\sarees_dataset\handloom_sarees\img_966256.jpg,deeplure_saree_corpus,deeplure_160,img_966256.jpg,source_image_proxy,handloom_sarees,test,494,493,JPEG,RGB,pass,original,False,none
data/processed\variants\deeplure_160_variant1.jpg,deeplure_saree_corpus,deeplure_160,deeplure_160_variant1.jpg,source_image_proxy,handloom_sarees,test,494,493,JPEG,RGB,pass,color_variant_1,True,HSV_Hue_+120deg_Sat_x1.02
data/processed\variants\deeplure_160_variant2.jpg,deeplure_saree_corpus,deeplure_160,deeplure_160_variant2.jpg,source_image_proxy,handloom_sarees,test,494,493,JPEG,RGB,pass,color_variant_2,True,HSV_Hue_+240deg_Sat_x0.98
data/processed\variants\deeplure_160_variant3.jpg,deeplure_saree_corpus,deeplure_160,deeplure_160_variant3.jpg,source_image_proxy,handloom_sarees,test,494,493,JPEG,RGB,pass,color_variant_3,True,HSV_Hue_+50deg_Sat_x1.20_ValGamma_0.95
data/raw\deeplure_corpus\sarees_dataset\handloom_sarees\img_978752.jpg,deeplure_saree_corpus,deeplure_161,img_978752.jpg,source_image_proxy,handloom_sarees,train,985,985,JPEG,RGB,pass,original,False,none
data/processed\variants\deeplure_161_variant1.jpg,deeplure_saree_corpus,deeplure_161,deeplure_161_variant1.jpg,source_image_proxy,handloom_sarees,train,985,985,JPEG,RGB,pass,color_variant_1,True,HSV_Hue_+120deg_Sat_x1.02
data/processed\variants\deeplure_161_variant2.jpg,deeplure_saree_corpus,deeplure_161,deeplure_161_variant2.jpg,source_image_proxy,handloom_sarees,train,985,985,JPEG,RGB,pass,color_variant_2,True,HSV_Hue_+240deg_Sat_x0.98
data/processed\variants\deeplure_161_variant3.jpg,deeplure_saree_corpus,deeplure_161,deeplure_161_variant3.jpg,source_image_proxy,handloom_sarees,train,985,985,JPEG,RGB,pass,color_variant_3,True,HSV_Hue_+50deg_Sat_x1.20_ValGamma_0.95
data/raw\deeplure_corpus\sarees_dataset\handloom_sarees\img_981759.jpg,deeplure_saree_corpus,deeplure_162,img_981759.jpg,source_image_proxy,handloom_sarees,train,893,893,JPEG,RGB,pass,original,False,none
data/processed\variants\deeplure_162_variant1.jpg,deeplure_saree_corpus,deeplure_162,deeplure_162_variant1.jpg,source_image_proxy,handloom_sarees,train,893,893,JPEG,RGB,pass,color_variant_1,True,HSV_Hue_+120deg_Sat_x1.02
data/processed\variants\deeplure_162_variant2.jpg,deeplure_saree_corpus,deeplure_162,deeplure_162_variant2.jpg,source_image_proxy,handloom_sarees,train,893,893,JPEG,RGB,pass,color_variant_2,True,HSV_Hue_+240deg_Sat_x0.98
data/processed\variants\deeplure_162_variant3.jpg,deeplure_saree_corpus,deeplure_162,deeplure_162_variant3.jpg,source_image_proxy,handloom_sarees,train,893,893,JPEG,RGB,pass,color_variant_3,True,HSV_Hue_+50deg_Sat_x1.20_ValGamma_0.95
data/raw\deeplure_corpus\sarees_dataset\handloom_sarees\img_982056.jpg,deeplure_saree_corpus,deeplure_163,img_982056.jpg,source_image_proxy,handloom_sarees,test,567,567,JPEG,RGB,pass,original,False,none
data/processed\variants\deeplure_163_variant1.jpg,deeplure_saree_corpus,deeplure_163,deeplure_163_variant1.jpg,source_image_proxy,handloom_sarees,test,567,567,JPEG,RGB,pass,color_variant_1,True,HSV_Hue_+120deg_Sat_x1.02
data/processed\variants\deeplure_163_variant2.jpg,deeplure_saree_corpus,deeplure_163,deeplure_163_variant2.jpg,source_image_proxy,handloom_sarees,test,567,567,JPEG,RGB,pass,color_variant_2,True,HSV_Hue_+240deg_Sat_x0.98
data/processed\variants\deeplure_163_variant3.jpg,deeplure_saree_corpus,deeplure_163,deeplure_163_variant3.jpg,source_image_proxy,handloom_sarees,test,567,567,JPEG,RGB,pass,color_variant_3,True,HSV_Hue_+50deg_Sat_x1.20_ValGamma_0.95
data/raw\deeplure_corpus\sarees_dataset\handloom_sarees\img_987571.jpg,deeplure_saree_corpus,deeplure_164,img_987571.jpg,source_image_proxy,handloom_sarees,train,918,918,JPEG,RGB,pass,original,False,none
data/processed\variants\deeplure_164_variant1.jpg,deeplure_saree_corpus,deeplure_164,deeplure_164_variant1.jpg,source_image_proxy,handloom_sarees,train,918,918,JPEG,RGB,pass,color_variant_1,True,HSV_Hue_+120deg_Sat_x1.02
data/processed\variants\deeplure_164_variant2.jpg,deeplure_saree_corpus,deeplure_164,deeplure_164_variant2.jpg,source_image_proxy,handloom_sarees,train,918,918,JPEG,RGB,pass,color_variant_2,True,HSV_Hue_+240deg_Sat_x0.98
data/processed\variants\deeplure_164_variant3.jpg,deeplure_saree_corpus,deeplure_164,deeplure_164_variant3.jpg,source_image_proxy,handloom_sarees,train,918,918,JPEG,RGB,pass,color_variant_3,True,HSV_Hue_+50deg_Sat_x1.20_ValGamma_0.95
data/raw\deeplure_corpus\sarees_dataset\handloom_sarees\img_987632.jpg,deeplure_saree_corpus,deeplure_165,img_987632.jpg,source_image_proxy,handloom_sarees,test,919,919,JPEG,RGB,pass,original,False,none
data/processed\variants\deeplure_165_variant1.jpg,deeplure_saree_corpus,deeplure_165,deeplure_165_variant1.jpg,source_image_proxy,handloom_sarees,test,919,919,JPEG,RGB,pass,color_variant_1,True,HSV_Hue_+120deg_Sat_x1.02
data/processed\variants\deeplure_165_variant2.jpg,deeplure_saree_corpus,deeplure_165,deeplure_165_variant2.jpg,source_image_proxy,handloom_sarees,test,919,919,JPEG,RGB,pass,color_variant_2,True,HSV_Hue_+240deg_Sat_x0.98
data/processed\variants\deeplure_165_variant3.jpg,deeplure_saree_corpus,deeplure_165,deeplure_165_variant3.jpg,source_image_proxy,handloom_sarees,test,919,919,JPEG,RGB,pass,color_variant_3,True,HSV_Hue_+50deg_Sat_x1.20_ValGamma_0.95
